edad,genero,estrato,semestre,trabaja,horas_estudio_semanal,apoyo_financiero,distancia_km,participacion_extracurricular,promedio_anterior,asistencia_pct,materias_reprobadas,creditos_matriculados,desercion,grupo_estrato
19.0,Masculino,3,8,1,11.1,1,2.9,1,2.86,83.5,0,12,0,Medio (3-4)
19.0,Femenino,4,9,1,11.1,0,0.6,0,3.16,66.2,0,18,1,Medio (3-4)
19.0,Masculino,4,5,1,8.1,0,5.8,0,3.17,71.5,2,20,1,Medio (3-4)
19.0,Masculino,5,9,1,0.0,1,15.0,0,3.2,65.3,2,19,1,Alto (5-6)
18.0,Femenino,4,10,1,20.7,0,0.3,0,3.65,80.1,3,15,1,Medio (3-4)
17.0,Masculino,2,6,0,12.1,1,0.4,1,2.91,74.5,3,13,1,Bajo (1-2)
20.0,Masculino,3,3,0,17.0,0,8.6,0,2.86,65.1,5,16,1,Medio (3-4)
19.0,Masculino,2,1,0,18.1,1,1.3,1,3.56,70.9,1,17,1,Bajo (1-2)
23.0,Femenino,2,8,1,2.4,1,3.1,1,2.65,73.3,3,14,1,Bajo (1-2)
21.0,Femenino,5,6,0,8.5,0,5.1,0,2.94,73.2,1,18,1,Alto (5-6)
21.0,Femenino,4,2,0,23.3,0,3.7,0,3.78,80.5,0,21,0,Medio (3-4)
19.0,Masculino,6,1,1,11.6,1,1.5,0,3.38,73.4,3,13,0,Alto (5-6)
20.0,Masculino,3,10,0,10.5,1,0.2,1,3.21,85.7,3,14,0,Medio (3-4)
21.0,Masculino,3,4,0,13.2,1,13.2,0,3.11,82.5,2,16,0,Medio (3-4)
22.0,Femenino,3,4,0,20.5,1,11.2,0,3.12,85.4,2,13,0,Medio (3-4)
20.0,Femenino,1,7,1,11.0,0,9.7,1,2.79,59.9,3,19,1,Bajo (1-2)
23.0,Masculino,2,4,1,1.4,0,1.0,0,3.09,63.7,0,12,0,Bajo (1-2)
21.0,Femenino,3,10,0,23.8,0,0.8,1,3.46,87.5,2,12,1,Medio (3-4)
22.0,Masculino,1,7,1,17.8,1,1.1,0,2.73,77.1,0,15,0,Bajo (1-2)
19.0,Masculino,5,4,1,6.8,0,29.9,0,3.49,84.8,0,16,1,Alto (5-6)
17.0,Masculino,2,3,0,6.8,0,1.1,0,2.44,62.6,0,19,1,Bajo (1-2)
21.0,Femenino,2,9,0,20.3,1,11.1,1,3.53,77.2,1,13,1,Bajo (1-2)
22.0,Masculino,4,6,1,11.2,0,7.7,0,3.35,72.0,0,19,0,Medio (3-4)
22.0,Masculino,1,10,0,5.3,1,25.4,0,2.84,79.7,2,13,0,Bajo (1-2)
21.0,Masculino,5,4,1,7.3,0,21.1,1,1.69,79.4,0,21,1,Alto (5-6)
20.0,Femenino,4,1,1,26.9,0,2.8,1,4.01,83.7,2,17,0,Medio (3-4)
19.0,Femenino,1,9,0,14.1,0,3.7,0,3.9,76.9,0,19,0,Bajo (1-2)
22.0,Femenino,4,3,0,9.5,1,7.0,0,3.42,91.7,1,12,1,Medio (3-4)
21.0,Femenino,3,9,1,7.4,1,39.2,0,1.87,91.9,2,19,1,Medio (3-4)
19.0,Masculino,4,8,1,22.3,0,48.7,0,4.67,63.8,2,16,1,Medio (3-4)
23.0,Masculino,4,3,0,19.1,0,2.2,0,2.8,78.5,1,17,1,Medio (3-4)
19.0,Masculino,4,8,1,13.9,0,2.6,0,2.69,83.0,1,12,0,Medio (3-4)
19.0,Femenino,3,1,0,15.5,0,28.9,0,3.69,83.9,2,18,0,Medio (3-4)
24.0,Femenino,2,4,1,14.9,1,8.2,0,3.5,70.9,0,21,0,Bajo (1-2)
22.0,Femenino,4,4,0,8.9,0,0.8,0,3.04,80.5,0,21,1,Medio (3-4)
20.0,Femenino,6,7,0,15.0,1,5.3,1,2.99,66.2,2,20,1,Alto (5-6)
21.0,Femenino,3,6,0,15.7,1,0.5,0,3.97,77.8,0,19,0,Medio (3-4)
21.0,Femenino,4,7,1,19.9,0,14.4,1,3.47,64.4,2,14,0,Medio (3-4)
17.0,Femenino,3,5,0,15.9,1,1.5,0,2.53,83.1,2,15,0,Medio (3-4)
19.0,Masculino,4,8,0,10.2,0,15.4,1,3.68,70.8,0,12,0,Medio (3-4)
20.0,Femenino,6,2,0,14.4,1,21.9,1,3.36,83.6,2,14,1,Alto (5-6)
20.0,Masculino,2,8,1,0.0,1,13.0,0,3.16,78.2,5,14,1,Bajo (1-2)
21.0,Masculino,2,1,0,0.1,0,11.6,0,2.89,78.8,0,18,0,Bajo (1-2)
23.0,Femenino,3,1,1,14.9,1,3.7,0,4.47,68.7,1,12,0,Medio (3-4)
20.0,Masculino,3,8,1,9.9,0,10.7,0,2.89,72.9,1,21,0,Medio (3-4)
18.0,Masculino,3,2,0,12.4,1,8.5,1,3.17,93.8,2,19,0,Medio (3-4)
21.0,Femenino,1,8,0,19.0,1,13.4,0,3.81,73.8,2,18,0,Bajo (1-2)
20.0,Femenino,3,2,0,22.4,1,0.1,0,3.46,78.2,2,17,0,Medio (3-4)
20.0,Masculino,3,2,1,12.8,0,7.6,1,3.58,73.4,1,14,0,Medio (3-4)
20.0,Femenino,3,10,1,21.1,0,0.6,0,2.08,85.2,2,17,0,Medio (3-4)
25.0,Femenino,4,2,0,17.0,0,6.7,0,3.33,78.8,1,18,0,Medio (3-4)
17.0,Femenino,4,10,0,15.8,0,3.9,0,3.26,70.4,1,20,0,Medio (3-4)
20.0,Masculino,3,4,0,15.4,1,3.8,1,3.23,82.1,1,18,1,Medio (3-4)
20.0,Masculino,4,8,1,0.9,0,9.2,0,2.2,72.6,5,20,0,Medio (3-4)
19.0,Masculino,3,10,0,19.7,0,4.0,0,3.94,91.9,0,16,0,Medio (3-4)
22.0,Masculino,3,2,0,0.0,0,11.8,0,2.35,77.6,0,16,1,Medio (3-4)
22.0,Femenino,3,4,1,8.1,1,9.1,1,3.06,65.2,1,19,0,Medio (3-4)
20.0,Masculino,1,6,1,10.6,1,1.0,0,3.06,80.0,1,18,1,Bajo (1-2)
20.0,Femenino,2,9,1,1.5,0,7.8,1,2.92,96.9,0,15,0,Bajo (1-2)
20.0,Femenino,3,2,0,11.3,0,0.7,0,3.82,90.0,1,16,0,Medio (3-4)
20.0,Masculino,5,2,0,25.0,1,7.5,0,3.82,67.0,1,17,0,Alto (5-6)
20.0,Femenino,4,4,0,20.6,0,8.8,0,3.95,75.3,0,18,0,Medio (3-4)
20.0,Masculino,1,3,0,9.9,1,16.6,0,3.12,77.7,0,15,0,Bajo (1-2)
21.0,Masculino,3,3,0,11.2,1,3.9,1,2.85,81.8,1,13,0,Medio (3-4)
22.0,Masculino,2,2,0,6.3,1,3.9,0,2.81,81.8,3,20,0,Bajo (1-2)
18.0,Masculino,4,9,1,11.7,0,12.3,0,2.98,71.6,1,15,1,Medio (3-4)
18.0,Masculino,4,8,1,9.7,1,9.6,0,3.32,65.8,2,13,1,Medio (3-4)
17.0,Femenino,3,2,1,0.0,1,18.5,0,2.65,84.5,1,14,0,Medio (3-4)
22.0,Femenino,3,6,1,12.7,0,6.3,1,2.77,67.8,1,20,0,Medio (3-4)
21.0,Femenino,2,7,0,16.6,1,2.5,0,3.24,70.0,1,13,1,Bajo (1-2)
22.0,Femenino,3,7,1,13.0,0,2.3,1,2.42,67.7,2,18,1,Medio (3-4)
17.0,Femenino,5,10,0,13.6,1,3.2,0,3.12,84.1,0,16,0,Alto (5-6)
24.0,Masculino,4,7,0,11.8,1,18.4,1,3.13,83.1,2,18,0,Medio (3-4)
19.0,Femenino,3,7,1,22.5,0,12.1,1,4.51,87.8,0,19,0,Medio (3-4)
21.0,Femenino,3,1,1,9.5,0,3.9,0,3.7,67.1,1,14,0,Medio (3-4)
22.0,Femenino,1,1,1,10.5,0,16.5,0,2.56,62.5,0,15,1,Bajo (1-2)
18.0,Femenino,2,7,0,10.8,0,1.7,1,3.19,77.6,2,19,0,Bajo (1-2)
19.0,Masculino,2,10,1,17.4,1,23.7,0,3.49,73.2,0,21,0,Bajo (1-2)
21.0,Masculino,3,4,0,5.3,0,1.0,0,2.72,80.1,2,20,0,Medio (3-4)
27.0,Masculino,5,7,0,11.2,1,19.5,1,3.02,65.2,1,15,1,Alto (5-6)
21.0,Masculino,3,3,0,6.8,0,2.6,1,2.73,86.8,2,14,0,Medio (3-4)
24.0,Femenino,2,5,0,10.4,1,12.3,1,4.0,73.1,2,21,1,Bajo (1-2)
23.0,Masculino,1,8,1,16.4,1,0.9,1,3.13,72.5,0,18,0,Bajo (1-2)
21.0,Femenino,2,7,1,2.3,1,3.5,0,2.87,86.7,3,13,1,Bajo (1-2)
18.0,Femenino,4,2,0,18.3,1,1.8,1,2.16,60.2,0,18,0,Medio (3-4)
23.0,Femenino,3,9,0,23.1,1,21.0,0,4.05,81.2,1,15,0,Medio (3-4)
17.0,Masculino,4,10,1,7.1,1,2.0,1,3.51,82.2,0,13,0,Medio (3-4)
24.0,Femenino,4,5,0,20.0,1,4.3,0,2.97,69.8,0,13,0,Medio (3-4)
21.0,Femenino,1,4,0,17.2,0,0.8,0,3.12,73.5,1,15,0,Bajo (1-2)
17.0,Femenino,3,6,1,13.0,0,6.8,1,3.41,91.2,1,14,0,Medio (3-4)
20.0,Femenino,6,9,0,18.5,0,43.9,0,3.44,97.6,0,19,0,Alto (5-6)
22.0,Masculino,3,5,1,21.1,1,3.4,0,3.78,85.6,0,13,0,Medio (3-4)
20.0,Femenino,1,1,0,10.2,1,41.2,0,2.91,96.9,2,13,1,Bajo (1-2)
22.0,Femenino,5,1,1,8.5,0,8.5,0,3.91,68.1,2,18,1,Alto (5-6)
19.0,Femenino,5,9,1,4.3,1,3.7,0,2.46,59.2,2,16,0,Alto (5-6)
18.0,Masculino,3,8,0,20.0,0,11.6,1,4.84,81.5,0,14,0,Medio (3-4)
20.0,Femenino,3,8,1,15.7,1,0.4,0,3.93,83.0,1,12,1,Medio (3-4)
21.0,Femenino,2,2,1,3.5,0,13.1,0,3.17,56.5,4,12,0,Bajo (1-2)
20.0,Femenino,4,2,0,1.2,0,7.2,0,2.13,68.7,2,14,0,Medio (3-4)
23.0,Masculino,3,4,1,7.8,1,5.0,1,3.4,70.8,0,14,0,Medio (3-4)
19.0,Masculino,1,3,1,16.9,0,11.2,1,3.66,82.6,3,17,1,Bajo (1-2)
21.0,Masculino,4,4,0,13.6,1,3.6,0,2.15,80.3,0,18,1,Medio (3-4)
21.0,Femenino,6,6,1,12.8,1,10.9,0,2.47,67.2,1,13,1,Alto (5-6)
17.0,Masculino,4,3,0,10.9,1,18.3,1,3.27,83.8,1,16,0,Medio (3-4)
18.0,Masculino,2,2,0,20.1,0,1.7,0,3.44,66.6,4,16,0,Bajo (1-2)
21.0,Masculino,1,5,1,15.1,0,4.3,0,3.02,70.7,0,13,0,Bajo (1-2)
25.0,Femenino,5,8,1,12.4,0,13.2,0,3.7,62.4,1,16,0,Alto (5-6)
22.0,Femenino,5,7,0,15.0,0,1.0,0,2.83,76.5,1,12,1,Alto (5-6)
17.0,Femenino,3,4,1,11.1,0,2.3,1,2.87,71.0,2,15,1,Medio (3-4)
17.0,Masculino,3,4,1,16.9,0,4.4,1,3.04,85.9,2,19,1,Medio (3-4)
22.0,Femenino,3,6,1,6.1,1,2.6,1,3.13,78.7,2,14,0,Medio (3-4)
20.0,Femenino,3,2,1,14.8,1,5.4,0,2.41,72.7,2,19,1,Medio (3-4)
23.0,Femenino,1,9,0,18.7,1,12.4,1,3.19,99.7,1,13,0,Bajo (1-2)
19.0,Masculino,1,9,1,16.1,0,14.1,0,2.46,78.8,2,16,0,Bajo (1-2)
21.0,Femenino,2,1,1,17.9,0,29.2,1,3.25,75.3,2,21,1,Bajo (1-2)
22.0,Masculino,4,10,0,8.2,0,3.9,0,3.33,72.2,4,17,0,Medio (3-4)
20.0,Masculino,2,1,0,9.1,0,2.4,0,3.38,66.2,0,20,0,Bajo (1-2)
20.0,Masculino,2,5,0,11.4,0,1.8,0,2.75,77.3,1,14,1,Bajo (1-2)
21.0,Femenino,3,7,1,10.8,1,4.4,1,3.35,82.1,1,13,1,Medio (3-4)
22.0,Masculino,2,4,0,13.3,1,5.0,0,3.1,58.9,1,16,1,Bajo (1-2)
20.0,Masculino,2,3,1,5.4,0,18.4,0,3.52,61.4,1,14,1,Bajo (1-2)
23.0,Masculino,3,1,0,7.2,1,4.7,0,2.86,72.8,1,19,0,Medio (3-4)
19.0,Femenino,3,8,0,1.4,1,1.3,1,1.18,71.0,1,15,0,Medio (3-4)
18.0,Femenino,3,1,0,0.0,0,2.8,1,3.05,82.4,3,19,1,Medio (3-4)
25.0,Femenino,5,5,1,7.8,1,0.1,1,2.72,80.8,1,12,0,Alto (5-6)
19.0,Femenino,2,4,0,27.9,0,12.4,0,3.72,76.8,0,15,0,Bajo (1-2)
19.0,Femenino,5,10,0,24.8,0,2.3,1,3.88,87.5,1,14,0,Alto (5-6)
20.0,Femenino,5,10,0,8.1,1,0.1,0,2.25,72.2,1,18,1,Alto (5-6)
21.0,Femenino,4,9,0,14.9,0,2.2,0,3.31,77.5,1,14,0,Medio (3-4)
20.0,Masculino,3,8,1,0.3,1,7.1,1,2.88,69.0,0,16,0,Medio (3-4)
20.0,Femenino,3,6,0,6.1,0,4.0,0,3.06,80.8,0,15,0,Medio (3-4)
20.0,Masculino,3,4,0,6.8,1,8.5,0,2.61,78.8,3,19,1,Medio (3-4)
21.0,Masculino,4,2,1,11.2,0,5.1,0,3.6,63.0,2,15,0,Medio (3-4)
17.0,Femenino,1,10,1,5.3,1,3.9,1,2.34,77.4,5,18,1,Bajo (1-2)
25.0,Masculino,6,4,0,15.5,1,7.2,1,2.99,81.6,0,12,0,Alto (5-6)
20.0,Femenino,3,5,1,14.6,1,13.8,0,3.19,77.8,0,19,1,Medio (3-4)
22.0,Masculino,4,2,1,9.8,0,0.9,1,3.19,82.2,1,18,1,Medio (3-4)
17.0,Femenino,3,3,1,8.1,0,3.7,0,2.8,67.8,2,13,0,Medio (3-4)
19.0,Masculino,1,7,1,5.6,1,1.8,0,3.47,82.6,1,13,0,Bajo (1-2)
19.0,Femenino,3,5,0,5.9,0,17.0,0,3.01,83.2,0,15,0,Medio (3-4)
24.0,Femenino,3,6,0,5.0,0,3.8,0,2.86,70.8,2,21,0,Medio (3-4)
19.0,Femenino,3,3,0,17.9,1,8.0,0,3.54,66.6,1,14,1,Medio (3-4)
22.0,Masculino,2,1,0,12.0,0,3.1,1,3.51,75.5,2,16,0,Bajo (1-2)
19.0,Masculino,2,9,1,0.0,0,1.7,1,2.72,64.3,1,16,0,Bajo (1-2)
20.0,Femenino,3,5,1,11.1,1,1.6,0,2.19,77.1,1,14,0,Medio (3-4)
20.0,Femenino,3,4,0,6.5,0,6.5,1,3.44,93.8,3,16,0,Medio (3-4)
23.0,Femenino,6,3,0,24.0,1,2.6,1,3.74,96.2,0,13,0,Alto (5-6)
17.0,Masculino,2,7,1,5.2,0,6.1,0,3.18,64.1,1,18,1,Bajo (1-2)
18.0,Femenino,2,6,0,18.1,0,10.0,0,3.21,85.9,1,13,1,Bajo (1-2)
17.0,Femenino,2,4,0,20.5,1,4.8,0,2.61,78.8,2,17,0,Bajo (1-2)
18.0,Masculino,3,10,0,8.3,0,2.7,0,1.83,54.0,2,15,1,Medio (3-4)
19.0,Masculino,3,10,1,8.0,1,7.2,0,2.49,71.7,2,17,0,Medio (3-4)
17.0,Femenino,3,2,1,14.7,0,2.5,0,3.52,70.6,0,17,0,Medio (3-4)
19.0,Masculino,6,7,0,14.7,0,13.1,0,3.91,90.1,2,18,0,Alto (5-6)
17.0,Femenino,2,10,0,16.2,0,2.2,0,3.48,69.3,4,18,1,Bajo (1-2)
18.0,Masculino,4,5,1,1.6,0,8.1,0,2.15,80.6,0,14,1,Medio (3-4)
23.0,Femenino,1,1,0,17.3,0,11.6,0,2.99,76.9,4,17,1,Bajo (1-2)
21.0,Masculino,2,2,1,8.7,1,53.8,0,3.67,60.5,1,14,1,Bajo (1-2)
21.0,Masculino,3,7,0,16.1,0,5.4,1,2.67,76.5,3,15,0,Medio (3-4)
18.0,Masculino,1,10,0,19.5,0,17.3,0,4.53,93.3,1,14,0,Bajo (1-2)
17.0,Femenino,3,2,1,14.2,0,3.3,0,4.18,73.3,0,17,0,Medio (3-4)
18.0,Masculino,4,6,0,16.1,0,0.1,0,4.39,87.1,0,19,1,Medio (3-4)
20.0,Femenino,4,5,0,17.9,0,0.2,0,3.59,86.5,1,18,0,Medio (3-4)
22.0,Femenino,3,3,1,13.6,1,5.4,0,3.04,70.5,1,12,1,Medio (3-4)
22.0,Masculino,3,7,0,23.0,1,6.5,0,3.81,65.2,1,12,0,Medio (3-4)
22.0,Femenino,3,9,0,13.8,1,4.8,0,3.68,66.5,1,15,1,Medio (3-4)
19.0,Masculino,1,3,1,7.0,0,2.8,0,2.59,89.5,1,17,1,Bajo (1-2)
21.0,Masculino,1,1,0,19.6,0,7.8,0,2.93,79.5,0,14,0,Bajo (1-2)
20.0,Femenino,4,4,0,11.1,1,1.3,1,2.96,64.7,2,21,0,Medio (3-4)
20.0,Masculino,6,4,1,1.3,0,20.2,0,2.27,83.3,1,17,1,Alto (5-6)
25.0,Femenino,1,8,1,13.6,1,1.9,0,3.83,57.1,0,20,1,Bajo (1-2)
17.0,Femenino,3,6,0,12.8,1,20.9,0,2.87,69.7,4,21,1,Medio (3-4)
20.0,Femenino,4,1,0,6.8,0,10.4,0,2.95,78.8,0,12,0,Medio (3-4)
23.0,Masculino,4,4,1,14.1,1,6.0,0,3.73,100.0,2,20,0,Medio (3-4)
17.0,Femenino,3,8,0,22.6,0,0.3,0,4.26,86.2,1,12,0,Medio (3-4)
19.0,Femenino,3,5,0,4.2,0,9.8,0,2.89,73.2,1,13,1,Medio (3-4)
19.0,Femenino,4,6,0,20.1,0,9.1,1,3.7,82.3,0,17,0,Medio (3-4)
20.0,Masculino,5,3,0,0.0,0,0.7,0,2.09,87.2,1,17,1,Alto (5-6)
17.0,Masculino,2,4,1,7.4,0,25.4,0,3.44,89.2,3,18,1,Bajo (1-2)
22.0,Masculino,5,2,0,25.0,1,4.7,0,4.36,75.5,0,12,0,Alto (5-6)
22.0,Masculino,1,1,1,8.7,1,0.1,0,2.06,72.8,1,13,0,Bajo (1-2)
22.0,Masculino,4,1,1,8.7,0,7.0,0,3.87,66.7,1,19,1,Medio (3-4)
19.0,Femenino,1,7,1,17.1,0,9.6,0,3.02,81.7,0,17,0,Bajo (1-2)
21.0,Femenino,2,2,0,3.7,1,16.8,1,3.06,92.3,2,15,0,Bajo (1-2)
19.0,Masculino,1,6,1,10.5,0,13.2,1,3.11,59.6,2,13,1,Bajo (1-2)
20.0,Masculino,3,10,0,14.4,1,9.4,1,3.22,78.0,0,14,0,Medio (3-4)
25.0,Femenino,2,7,1,22.6,0,3.2,0,3.51,62.9,2,15,1,Bajo (1-2)
21.0,Femenino,2,6,0,6.6,1,0.1,0,2.4,79.5,1,16,0,Bajo (1-2)
18.0,Masculino,3,2,0,11.7,0,2.9,0,3.39,65.6,2,20,1,Medio (3-4)
21.0,Femenino,3,5,1,6.0,0,3.9,1,2.72,65.8,1,16,1,Medio (3-4)
18.0,Masculino,4,9,0,7.8,1,4.0,0,2.3,89.2,5,16,0,Medio (3-4)
18.0,Femenino,5,4,1,18.7,0,10.3,0,2.92,73.3,2,21,1,Alto (5-6)
18.0,Femenino,4,9,1,13.3,0,35.5,0,2.55,74.4,1,12,1,Medio (3-4)
20.0,Masculino,2,8,0,10.7,0,2.3,0,2.82,82.3,3,12,1,Bajo (1-2)
23.0,Femenino,2,3,0,10.9,1,60.0,0,3.33,87.7,0,21,0,Bajo (1-2)
22.0,Femenino,5,2,0,10.6,0,19.4,0,2.72,73.8,2,21,0,Alto (5-6)
22.0,Masculino,1,1,1,7.4,0,1.1,0,3.42,71.0,3,16,0,Bajo (1-2)
18.0,Masculino,3,3,0,6.4,0,18.2,0,2.83,74.1,0,14,1,Medio (3-4)
19.0,Femenino,5,4,0,12.4,0,3.4,0,3.02,88.8,3,13,1,Alto (5-6)
21.0,Femenino,6,7,0,11.8,1,10.5,0,3.14,77.3,2,13,0,Alto (5-6)
19.0,Masculino,3,6,0,9.5,0,9.0,1,3.72,79.1,2,20,1,Medio (3-4)
20.0,Masculino,4,5,0,14.9,0,20.9,0,2.59,81.9,3,19,1,Medio (3-4)
21.0,Femenino,3,8,1,10.0,0,14.1,0,3.88,93.3,1,20,1,Medio (3-4)
20.0,Femenino,4,8,1,7.6,0,6.2,0,3.42,75.7,0,17,0,Medio (3-4)
21.0,Femenino,1,8,1,7.4,1,5.0,0,2.92,72.3,2,18,0,Bajo (1-2)
24.0,Femenino,2,9,1,22.5,0,3.1,0,4.21,94.4,0,20,1,Bajo (1-2)
20.0,Femenino,3,4,0,26.7,1,5.5,0,3.64,91.3,0,15,0,Medio (3-4)
23.0,Masculino,2,9,1,1.6,0,9.2,0,2.81,86.8,0,17,0,Bajo (1-2)
22.0,Femenino,4,5,0,8.5,1,1.9,0,2.71,73.0,0,14,0,Medio (3-4)
17.0,Femenino,3,2,1,4.5,0,1.0,0,3.28,69.0,0,17,0,Medio (3-4)
18.0,Masculino,5,2,0,20.3,0,6.7,1,3.16,63.7,1,14,0,Alto (5-6)
19.0,Masculino,4,1,0,11.6,0,22.7,0,3.1,87.6,1,14,1,Medio (3-4)
19.0,Femenino,3,10,1,14.4,0,4.3,0,3.59,75.8,1,15,1,Medio (3-4)
20.0,Masculino,4,2,0,26.0,1,5.4,1,4.29,64.0,0,21,0,Medio (3-4)
22.0,Masculino,2,9,0,13.9,1,1.1,1,2.82,94.0,1,14,0,Bajo (1-2)
23.0,Masculino,3,8,1,14.9,0,3.1,0,3.65,71.6,1,18,0,Medio (3-4)
21.0,Femenino,2,5,1,10.5,0,12.4,0,2.58,72.9,2,17,1,Bajo (1-2)
20.0,Femenino,5,10,0,10.5,1,21.8,0,2.0,62.9,1,18,1,Alto (5-6)
17.0,Masculino,4,10,1,20.0,0,5.3,1,3.13,83.9,1,13,1,Medio (3-4)
21.0,Femenino,5,10,1,2.9,0,0.5,0,3.15,80.0,1,19,1,Alto (5-6)
21.0,Femenino,5,5,0,22.0,1,1.5,1,3.59,81.5,1,19,0,Alto (5-6)
21.0,Femenino,6,3,0,10.5,0,0.6,0,2.8,73.8,2,13,1,Alto (5-6)
25.0,Masculino,2,1,1,6.7,0,6.9,0,2.93,100.0,2,15,0,Bajo (1-2)
23.0,Masculino,5,9,1,2.7,0,30.0,1,2.73,67.0,1,20,0,Alto (5-6)
22.0,Femenino,3,9,0,8.5,0,4.3,0,3.29,70.8,1,14,0,Medio (3-4)
18.0,Masculino,3,6,0,11.4,1,8.5,0,2.31,85.1,3,17,1,Medio (3-4)
19.0,Femenino,3,1,1,0.0,1,0.4,0,2.55,64.9,0,20,0,Medio (3-4)
20.0,Masculino,2,9,0,12.6,1,4.3,0,3.23,67.1,1,20,1,Bajo (1-2)
19.0,Masculino,2,3,0,11.0,0,5.3,0,2.41,89.3,1,15,0,Bajo (1-2)
22.0,Femenino,2,6,1,17.8,1,4.1,0,2.71,81.1,1,19,1,Bajo (1-2)
21.0,Femenino,1,7,1,9.4,1,0.3,0,2.84,79.8,1,21,1,Bajo (1-2)
18.0,Femenino,3,2,0,9.8,1,10.9,0,3.04,79.8,3,16,1,Medio (3-4)
23.0,Masculino,5,1,0,11.2,1,28.9,1,3.11,75.1,1,21,0,Alto (5-6)
21.0,Masculino,3,1,0,12.6,1,8.5,0,2.89,75.5,2,19,0,Medio (3-4)
17.0,Masculino,3,10,1,20.4,1,6.4,0,3.22,74.2,1,18,0,Medio (3-4)
20.0,Masculino,3,10,0,9.1,1,2.8,0,2.81,86.5,2,19,1,Medio (3-4)
21.0,Femenino,3,5,0,9.7,1,13.1,0,3.18,82.3,4,13,0,Medio (3-4)
23.0,Masculino,2,5,0,7.2,0,8.5,1,3.55,72.7,1,12,1,Bajo (1-2)
20.0,Femenino,4,5,0,5.1,1,15.4,1,1.72,89.9,0,20,0,Medio (3-4)
22.0,Femenino,2,4,0,15.8,1,13.7,1,3.62,65.2,1,19,0,Bajo (1-2)
21.0,Masculino,4,6,0,15.2,0,13.0,1,3.23,78.8,1,21,0,Medio (3-4)
18.0,Masculino,4,4,0,21.7,0,1.6,0,3.84,66.6,1,17,0,Medio (3-4)
17.0,Femenino,3,7,0,20.2,0,20.0,0,4.1,69.4,0,15,0,Medio (3-4)
23.0,Masculino,5,4,0,28.4,1,3.8,0,3.5,97.3,2,20,0,Alto (5-6)
23.0,Masculino,2,7,0,13.6,0,2.5,1,3.68,67.3,2,21,0,Bajo (1-2)
21.0,Masculino,5,10,0,12.4,0,19.4,0,2.53,69.8,0,20,1,Alto (5-6)
24.0,Masculino,4,3,0,6.2,0,3.4,0,2.94,83.1,2,20,0,Medio (3-4)
23.0,Femenino,4,1,0,18.2,0,3.9,1,3.3,77.3,0,13,0,Medio (3-4)
22.0,Femenino,4,6,0,14.7,1,13.9,0,3.29,79.6,0,20,1,Medio (3-4)
18.0,Femenino,4,2,0,17.9,0,1.1,1,2.91,96.3,5,12,0,Medio (3-4)
24.0,Masculino,6,3,0,7.2,0,17.5,1,3.14,88.5,2,19,0,Alto (5-6)
22.0,Masculino,3,8,0,16.1,0,1.8,1,4.12,77.3,0,13,0,Medio (3-4)
20.0,Femenino,4,5,1,13.5,1,11.8,0,2.72,73.7,2,12,1,Medio (3-4)
19.0,Femenino,4,6,1,11.9,0,7.4,0,3.23,80.3,1,19,0,Medio (3-4)
21.0,Femenino,3,8,0,9.9,0,1.7,1,3.47,88.3,3,15,0,Medio (3-4)
17.0,Masculino,5,2,0,21.1,0,6.8,0,3.4,78.2,2,20,1,Alto (5-6)
22.0,Masculino,3,5,0,26.3,1,7.6,0,4.46,81.6,0,14,0,Medio (3-4)
18.0,Femenino,3,1,0,7.3,1,12.0,1,2.72,85.6,3,19,0,Medio (3-4)
21.0,Femenino,1,5,1,17.1,1,28.2,1,3.31,78.1,2,18,0,Bajo (1-2)
19.0,Masculino,2,3,0,0.0,0,10.7,1,2.1,75.9,2,20,1,Bajo (1-2)
20.0,Femenino,4,10,1,13.4,1,1.0,0,3.27,82.4,2,20,0,Medio (3-4)
19.0,Masculino,3,3,0,2.8,1,6.2,0,2.73,80.9,1,17,0,Medio (3-4)
20.0,Femenino,3,3,1,6.3,0,3.0,1,3.2,58.2,2,15,0,Medio (3-4)
25.0,Femenino,2,1,1,3.4,1,18.8,0,2.43,66.7,2,17,0,Bajo (1-2)
24.0,Masculino,3,2,0,12.7,1,2.7,0,2.83,73.2,1,18,0,Medio (3-4)
21.0,Femenino,4,3,1,10.0,1,16.5,0,3.28,73.0,2,21,0,Medio (3-4)
20.0,Femenino,5,3,1,0.0,1,3.3,1,3.3,91.0,3,13,0,Alto (5-6)
22.0,Femenino,1,8,1,8.4,0,2.7,0,3.29,100.0,1,12,0,Bajo (1-2)
23.0,Femenino,3,9,0,10.9,0,11.6,0,4.02,53.4,1,16,1,Medio (3-4)
19.0,Femenino,3,9,0,23.5,0,14.2,0,3.93,81.0,1,16,1,Medio (3-4)
20.0,Femenino,3,10,0,16.6,0,3.6,0,3.61,78.7,2,21,0,Medio (3-4)
17.0,Femenino,3,9,0,6.9,0,7.5,1,3.25,80.2,0,14,1,Medio (3-4)
23.0,Femenino,3,5,0,11.2,0,2.4,0,3.85,83.4,1,13,1,Medio (3-4)
25.0,Masculino,3,4,0,23.3,1,15.0,0,4.27,79.5,1,13,1,Medio (3-4)
21.0,Masculino,3,7,1,16.6,0,8.9,0,2.8,71.4,1,20,1,Medio (3-4)
17.0,Femenino,3,4,0,8.5,1,4.0,0,3.38,78.3,1,18,0,Medio (3-4)
22.0,Femenino,3,7,0,12.4,0,14.3,0,3.29,83.6,2,21,0,Medio (3-4)
19.0,Femenino,4,10,0,12.6,0,15.6,1,3.07,86.6,0,14,0,Medio (3-4)
19.0,Masculino,4,2,1,6.6,0,1.2,0,2.01,76.9,0,12,1,Medio (3-4)
22.0,Masculino,2,8,1,0.0,0,7.9,0,1.83,69.2,1,16,1,Bajo (1-2)
21.0,Femenino,4,10,0,9.9,0,7.6,0,2.86,100.0,2,13,1,Medio (3-4)
19.0,Femenino,5,6,0,22.3,0,2.3,1,2.87,85.6,0,13,1,Alto (5-6)
19.0,Femenino,2,4,0,11.7,1,9.4,1,2.96,89.6,1,20,0,Bajo (1-2)
21.0,Femenino,3,3,1,11.8,0,3.6,0,3.49,69.9,2,15,0,Medio (3-4)
20.0,Masculino,2,2,1,11.6,0,15.8,0,2.83,76.9,1,12,1,Bajo (1-2)
18.0,Femenino,4,4,0,27.3,0,10.8,0,3.87,79.8,1,14,1,Medio (3-4)
20.0,Femenino,2,8,1,6.3,0,18.4,1,2.35,59.9,4,15,1,Bajo (1-2)
21.0,Femenino,4,6,1,16.9,0,8.5,1,3.51,71.8,0,20,1,Medio (3-4)
20.0,Masculino,2,3,1,7.6,0,15.5,1,3.2,71.6,0,18,1,Bajo (1-2)
17.0,Femenino,3,6,0,12.4,1,1.1,1,2.45,76.0,1,17,0,Medio (3-4)
23.0,Masculino,5,9,1,8.3,1,2.6,0,2.6,64.3,2,17,1,Alto (5-6)
17.0,Femenino,3,1,0,9.4,1,5.0,0,2.39,78.4,1,19,0,Medio (3-4)
20.0,Masculino,5,1,1,2.9,1,0.2,0,2.98,89.0,1,13,1,Alto (5-6)
19.0,Femenino,6,10,1,16.8,0,31.5,1,3.44,80.3,0,16,1,Alto (5-6)
21.0,Masculino,5,8,0,9.2,0,7.9,0,2.99,66.2,2,15,1,Alto (5-6)
22.0,Masculino,2,6,0,14.0,0,18.0,0,3.17,67.7,0,12,0,Bajo (1-2)
23.0,Masculino,4,10,0,18.3,1,1.0,0,3.58,74.2,1,17,0,Medio (3-4)
19.0,Masculino,1,6,1,4.6,0,4.5,0,2.98,60.8,5,18,1,Bajo (1-2)
22.0,Masculino,3,6,0,20.6,0,19.2,1,3.28,85.0,1,18,0,Medio (3-4)
21.0,Masculino,5,3,0,14.4,1,3.5,0,2.93,91.5,2,12,0,Alto (5-6)
17.0,Masculino,4,9,0,13.0,0,1.3,1,3.16,76.2,1,15,0,Medio (3-4)
25.0,Femenino,3,8,0,2.0,0,8.5,0,2.59,78.8,1,15,0,Medio (3-4)
17.0,Masculino,3,3,0,11.8,1,6.0,0,4.16,73.7,1,13,0,Medio (3-4)
21.0,Femenino,4,8,1,12.3,0,1.7,1,2.96,72.7,4,17,1,Medio (3-4)
21.0,Masculino,4,8,0,24.5,0,15.7,1,3.85,83.9,1,17,0,Medio (3-4)
21.0,Femenino,3,1,0,17.4,0,10.1,1,3.62,75.4,2,19,1,Medio (3-4)
19.0,Femenino,5,2,1,16.4,0,37.1,0,4.04,66.9,0,19,0,Alto (5-6)
22.0,Masculino,2,6,1,6.5,1,2.9,0,2.49,58.8,1,20,0,Bajo (1-2)
17.0,Femenino,2,7,1,8.9,1,13.6,1,3.67,79.6,2,16,0,Bajo (1-2)
20.0,Femenino,3,7,0,21.3,0,17.2,1,3.49,92.7,2,14,0,Medio (3-4)
19.0,Femenino,6,4,0,8.7,0,15.2,1,4.24,89.1,0,17,0,Alto (5-6)
19.0,Femenino,2,9,1,16.5,0,8.1,1,3.52,93.9,0,18,0,Bajo (1-2)
21.0,Femenino,2,5,1,15.0,1,16.1,0,2.66,68.3,3,15,1,Bajo (1-2)
23.0,Femenino,2,3,1,7.8,0,5.2,0,2.85,83.5,0,16,0,Bajo (1-2)
20.0,Femenino,5,2,0,12.0,0,4.6,1,3.81,71.0,0,21,0,Alto (5-6)
22.0,Femenino,2,9,0,8.1,1,2.9,0,3.0,85.1,0,19,0,Bajo (1-2)
21.0,Femenino,3,8,0,24.7,1,11.0,1,3.68,98.4,1,18,0,Medio (3-4)
19.0,Masculino,6,5,1,17.5,1,51.2,0,3.75,80.0,1,21,0,Alto (5-6)
20.0,Femenino,1,3,0,16.0,1,7.8,1,3.15,98.6,2,12,0,Bajo (1-2)
20.0,Masculino,3,1,0,11.5,0,4.5,1,3.01,76.0,0,17,1,Medio (3-4)
19.0,Masculino,3,2,1,10.9,1,0.3,0,2.62,73.7,1,14,1,Medio (3-4)
21.0,Femenino,4,2,0,15.0,1,4.0,1,4.14,72.8,0,14,1,Medio (3-4)
21.0,Femenino,3,6,1,12.3,0,2.9,0,2.54,75.3,3,19,0,Medio (3-4)
17.0,Masculino,3,2,0,18.4,0,15.8,0,3.51,80.7,0,19,0,Medio (3-4)
17.0,Masculino,2,2,1,3.4,0,7.9,1,2.99,79.3,2,16,1,Bajo (1-2)
21.0,Masculino,4,3,0,5.2,1,1.4,0,2.83,73.3,1,17,1,Medio (3-4)
19.0,Masculino,4,7,0,14.5,1,9.0,0,2.63,73.1,2,17,1,Medio (3-4)
21.0,Masculino,2,5,1,3.6,1,7.5,0,2.26,78.5,1,20,1,Bajo (1-2)
22.0,Masculino,3,2,0,12.1,0,0.3,1,3.4,80.4,1,12,0,Medio (3-4)
18.0,Femenino,5,8,1,10.6,1,0.9,0,2.69,63.5,1,17,0,Alto (5-6)
17.0,Masculino,1,5,0,17.0,0,16.0,1,2.33,63.0,1,12,0,Bajo (1-2)
24.0,Femenino,2,2,1,23.3,0,0.8,0,3.84,69.0,1,21,1,Bajo (1-2)
21.0,Masculino,3,7,0,2.3,1,1.3,0,2.27,64.2,1,14,1,Medio (3-4)
20.0,Masculino,2,10,1,24.1,1,7.9,1,4.0,70.6,2,12,0,Bajo (1-2)
18.0,Femenino,2,6,1,7.8,1,20.6,0,2.85,70.8,1,20,1,Bajo (1-2)
19.0,Masculino,3,2,1,15.1,0,2.7,1,3.15,77.5,0,19,0,Medio (3-4)
18.0,Femenino,2,4,0,5.5,0,6.7,1,2.87,75.3,0,21,0,Bajo (1-2)
22.0,Masculino,3,6,1,16.0,0,10.3,1,2.75,100.0,1,15,1,Medio (3-4)
19.0,Femenino,4,10,0,14.2,0,3.4,1,2.83,69.4,3,14,1,Medio (3-4)
23.0,Masculino,3,10,0,13.6,1,13.2,0,3.08,90.1,1,18,0,Medio (3-4)
20.0,Femenino,1,10,1,0.0,0,15.4,1,2.03,77.4,2,21,1,Bajo (1-2)
18.0,Masculino,4,9,0,14.4,0,7.6,0,3.61,71.4,2,21,0,Medio (3-4)
20.0,Masculino,2,6,0,19.1,0,28.5,0,3.3,83.9,2,15,0,Bajo (1-2)
17.0,Masculino,4,7,0,12.6,1,1.4,0,2.44,73.5,3,18,1,Medio (3-4)
20.0,Masculino,3,8,1,19.3,1,13.5,1,3.19,70.9,0,20,0,Medio (3-4)
20.0,Masculino,4,8,0,20.8,0,3.0,0,3.59,95.9,0,19,0,Medio (3-4)
22.0,Masculino,2,7,0,10.2,0,18.2,0,2.83,56.1,0,18,0,Bajo (1-2)
17.0,Femenino,2,2,1,21.5,1,6.8,0,3.77,72.6,1,13,0,Bajo (1-2)
23.0,Masculino,3,9,1,10.7,0,8.9,0,3.37,76.9,2,18,1,Medio (3-4)
22.0,Femenino,1,1,0,14.3,0,0.8,1,4.44,96.1,1,13,0,Bajo (1-2)
23.0,Masculino,2,5,1,10.2,0,9.6,0,3.64,71.0,0,16,1,Bajo (1-2)
20.0,Femenino,4,5,1,10.9,1,1.8,1,2.27,100.0,1,17,1,Medio (3-4)
23.0,Masculino,4,10,0,0.0,1,15.6,1,2.42,89.6,0,12,0,Medio (3-4)
17.0,Masculino,1,1,0,12.9,0,9.0,0,3.05,54.3,2,16,1,Bajo (1-2)
22.0,Femenino,5,5,1,1.5,0,2.4,0,2.95,60.5,2,15,0,Alto (5-6)
19.0,Masculino,4,4,0,23.8,0,6.9,0,3.2,80.4,0,13,1,Medio (3-4)
17.0,Masculino,5,1,1,21.6,0,14.7,0,3.31,63.6,0,18,0,Alto (5-6)
18.0,Masculino,4,3,1,14.9,0,5.9,0,2.65,80.5,1,19,0,Medio (3-4)
21.0,Femenino,4,5,1,7.0,0,20.5,0,2.62,70.5,0,20,0,Medio (3-4)
19.0,Masculino,3,10,1,3.8,0,5.8,1,2.49,67.0,4,18,1,Medio (3-4)
21.0,Masculino,4,4,0,10.1,0,0.1,0,2.9,68.4,0,13,0,Medio (3-4)
17.0,Femenino,5,9,0,25.7,0,10.0,0,3.16,86.5,1,12,0,Alto (5-6)
17.0,Femenino,1,8,0,9.8,0,2.7,0,3.53,57.8,2,20,0,Bajo (1-2)
24.0,Femenino,2,9,1,0.0,1,13.5,1,2.84,89.5,0,12,1,Bajo (1-2)
22.0,Masculino,1,9,0,20.2,0,4.2,0,2.78,88.7,0,15,0,Bajo (1-2)
18.0,Femenino,5,8,1,17.9,1,22.3,1,3.42,75.7,1,15,0,Alto (5-6)
20.0,Masculino,3,8,1,17.5,1,2.9,0,2.6,61.0,1,13,1,Medio (3-4)
23.0,Masculino,4,2,1,20.1,1,12.2,1,4.17,84.6,1,18,0,Medio (3-4)
21.0,Femenino,4,8,0,21.2,0,11.3,0,4.36,73.1,0,19,0,Medio (3-4)
21.0,Masculino,6,1,1,8.2,0,2.9,0,2.94,59.8,0,20,0,Alto (5-6)
23.0,Masculino,2,8,0,1.5,1,12.1,0,2.24,97.1,0,16,1,Bajo (1-2)
19.0,Femenino,4,7,0,14.2,0,0.9,0,2.91,69.2,0,16,0,Medio (3-4)
21.0,Femenino,5,8,0,17.7,0,3.9,1,3.17,67.3,0,14,0,Alto (5-6)
20.0,Femenino,1,7,0,13.2,0,16.9,0,3.14,80.9,2,12,0,Bajo (1-2)
20.0,Femenino,4,4,0,12.9,0,1.0,0,3.87,77.3,3,20,0,Medio (3-4)
20.0,Femenino,3,4,0,8.2,1,9.8,0,3.45,92.9,4,20,1,Medio (3-4)
21.0,Masculino,3,6,1,1.7,0,0.7,0,3.16,71.2,3,21,0,Medio (3-4)
21.0,Femenino,3,5,1,19.9,1,4.0,1,3.58,75.3,2,13,0,Medio (3-4)
18.0,Femenino,2,4,0,25.2,1,10.4,0,3.16,81.4,0,16,0,Bajo (1-2)
22.0,Masculino,2,5,1,7.0,0,1.5,1,2.53,81.0,2,18,1,Bajo (1-2)
18.0,Masculino,1,6,1,9.8,0,9.2,1,3.07,81.3,0,20,1,Bajo (1-2)
20.0,Masculino,1,3,1,5.8,0,0.4,0,2.26,77.7,0,16,1,Bajo (1-2)
20.0,Masculino,3,7,0,17.9,1,0.1,0,3.56,79.6,3,13,0,Medio (3-4)
21.0,Femenino,3,4,1,19.5,1,3.7,0,3.88,70.8,0,21,1,Medio (3-4)
17.0,Femenino,2,3,1,1.6,1,0.1,0,2.94,83.3,0,12,1,Bajo (1-2)
22.0,Masculino,4,5,0,16.8,1,6.5,1,3.61,78.4,3,19,0,Medio (3-4)
19.0,Masculino,4,2,1,13.2,0,4.3,0,2.26,83.0,1,15,0,Medio (3-4)
23.0,Masculino,3,7,1,15.3,1,2.4,0,3.96,88.9,1,12,0,Medio (3-4)
19.0,Femenino,5,8,1,24.3,1,3.4,1,2.91,72.2,2,17,1,Alto (5-6)
20.0,Masculino,3,10,1,21.7,1,3.3,0,3.5,99.0,1,15,0,Medio (3-4)
25.0,Masculino,4,3,0,12.6,0,0.7,1,3.48,74.9,2,16,0,Medio (3-4)
20.0,Femenino,1,6,1,16.0,0,1.6,0,3.5,67.9,1,13,1,Bajo (1-2)
23.0,Masculino,4,6,0,14.5,0,2.4,0,2.61,83.4,4,18,1,Medio (3-4)
21.0,Masculino,6,8,0,10.2,0,4.8,0,2.51,82.4,0,14,0,Alto (5-6)
21.0,Femenino,4,7,0,15.6,0,12.6,0,3.45,78.7,0,13,1,Medio (3-4)
21.0,Femenino,3,9,0,18.0,1,16.3,1,3.67,90.2,1,15,1,Medio (3-4)
22.0,Masculino,3,9,1,11.8,1,5.4,0,2.58,77.5,2,13,1,Medio (3-4)
19.0,Femenino,3,2,1,7.3,0,3.3,1,3.13,99.7,2,17,0,Medio (3-4)
18.0,Femenino,4,4,0,11.2,0,3.6,1,2.35,81.5,2,17,1,Medio (3-4)
19.0,Femenino,4,7,0,11.3,0,9.2,0,3.42,69.5,1,19,0,Medio (3-4)
21.0,Femenino,6,6,0,8.9,1,2.2,1,2.56,76.5,2,21,1,Alto (5-6)
20.0,Masculino,3,5,0,15.9,1,19.5,0,3.35,82.7,1,12,0,Medio (3-4)
22.0,Masculino,1,2,0,16.5,0,18.3,0,3.3,82.9,1,12,0,Bajo (1-2)
23.0,Femenino,3,6,1,16.4,0,35.4,1,3.92,81.1,1,16,1,Medio (3-4)
18.0,Masculino,1,8,1,8.6,1,2.4,0,3.11,66.5,0,12,0,Bajo (1-2)
19.0,Masculino,2,1,0,10.5,0,15.1,1,2.77,93.1,0,20,0,Bajo (1-2)
17.0,Femenino,2,6,0,23.3,0,43.8,0,3.83,97.4,1,20,1,Bajo (1-2)
25.0,Masculino,4,10,0,13.0,0,6.1,0,4.26,78.3,1,16,0,Medio (3-4)
21.0,Femenino,2,6,0,14.2,0,6.8,0,3.61,96.1,0,21,0,Bajo (1-2)
22.0,Masculino,2,10,1,8.8,0,0.1,0,2.97,83.7,3,17,1,Bajo (1-2)
18.0,Masculino,1,4,1,11.9,0,29.9,0,2.72,97.2,3,17,0,Bajo (1-2)
20.0,Masculino,5,1,1,18.0,1,5.3,1,3.1,83.7,1,19,0,Alto (5-6)
22.0,Femenino,4,7,0,20.7,0,60.0,0,3.87,79.4,0,17,1,Medio (3-4)
20.0,Masculino,1,3,0,14.2,0,0.7,1,2.79,90.4,0,19,0,Bajo (1-2)
23.0,Femenino,1,1,1,2.3,1,11.7,0,2.7,70.7,0,14,0,Bajo (1-2)
26.0,Femenino,3,2,0,25.6,0,0.6,0,4.47,82.1,0,17,0,Medio (3-4)
18.0,Femenino,2,10,1,13.5,1,4.4,0,3.28,88.3,0,20,0,Bajo (1-2)
18.0,Masculino,3,8,1,4.5,0,8.3,0,2.26,83.2,0,21,0,Medio (3-4)
19.0,Femenino,3,3,0,22.5,1,10.1,0,4.7,77.7,0,13,0,Medio (3-4)
24.0,Masculino,5,6,0,10.8,0,2.4,0,3.97,80.0,0,12,1,Alto (5-6)
23.0,Masculino,2,4,1,15.0,0,4.9,0,3.53,82.6,1,17,0,Bajo (1-2)
20.0,Femenino,4,2,1,17.6,0,7.2,0,4.03,82.2,1,12,0,Medio (3-4)
21.0,Femenino,1,10,0,8.5,1,6.8,0,2.85,85.5,1,18,0,Bajo (1-2)
19.0,Femenino,6,9,0,17.5,0,4.9,0,3.75,81.4,0,16,1,Alto (5-6)
22.0,Masculino,6,4,0,18.7,0,0.9,0,3.23,69.8,1,20,0,Alto (5-6)
20.0,Masculino,4,4,0,29.7,0,16.2,0,3.26,71.3,2,13,1,Medio (3-4)
20.0,Femenino,3,9,0,9.5,1,0.9,1,4.33,86.6,0,12,0,Medio (3-4)
22.0,Masculino,2,5,1,22.1,0,19.4,0,2.89,83.3,0,14,1,Bajo (1-2)
20.0,Femenino,4,4,1,9.6,0,37.7,0,3.18,82.0,4,12,1,Medio (3-4)
20.0,Masculino,4,4,0,6.6,0,1.6,0,3.04,71.2,0,13,0,Medio (3-4)
21.0,Masculino,2,5,1,8.6,0,5.6,0,3.24,73.5,1,19,0,Bajo (1-2)
22.0,Masculino,3,6,1,8.9,1,0.9,1,2.95,67.3,2,18,0,Medio (3-4)
24.0,Masculino,3,1,1,0.7,0,11.2,1,2.59,65.1,0,18,1,Medio (3-4)
22.0,Masculino,4,5,0,15.9,0,5.0,1,3.38,82.8,1,16,0,Medio (3-4)
22.0,Femenino,4,5,0,19.7,1,14.6,0,3.73,91.6,0,14,0,Medio (3-4)
20.0,Femenino,3,3,0,15.4,1,1.7,0,3.29,79.0,0,20,1,Medio (3-4)
19.0,Femenino,3,4,0,10.7,0,2.8,0,3.05,97.1,2,20,1,Medio (3-4)
22.0,Femenino,2,5,0,13.1,1,12.9,1,2.53,80.4,2,14,0,Bajo (1-2)
21.0,Masculino,3,4,0,14.0,0,0.8,0,4.24,78.3,0,20,0,Medio (3-4)
17.0,Masculino,1,10,1,10.4,1,3.6,0,3.34,65.1,0,18,1,Bajo (1-2)
20.0,Masculino,4,6,0,20.7,0,6.6,0,3.63,74.5,0,15,0,Medio (3-4)
20.0,Femenino,3,6,1,11.6,0,4.0,1,2.81,67.1,2,14,0,Medio (3-4)
19.0,Masculino,3,3,1,0.0,1,10.5,0,2.1,59.5,1,17,0,Medio (3-4)
24.0,Femenino,2,10,0,10.6,0,4.6,0,3.51,66.3,1,12,0,Bajo (1-2)
22.0,Femenino,2,1,1,8.7,1,4.9,1,2.91,79.9,3,15,1,Bajo (1-2)
24.0,Masculino,3,6,0,20.7,0,13.4,0,3.84,70.6,2,18,1,Medio (3-4)
21.0,Masculino,2,2,0,21.8,0,27.7,1,2.9,77.0,3,16,1,Bajo (1-2)
21.0,Masculino,1,8,0,24.6,1,0.3,0,4.48,82.1,0,13,0,Bajo (1-2)
18.0,Femenino,4,4,0,14.8,0,15.5,1,3.72,66.5,2,13,1,Medio (3-4)
21.0,Masculino,3,3,0,18.6,1,11.5,1,3.4,82.8,1,18,0,Medio (3-4)
21.0,Femenino,3,1,0,5.3,1,19.9,0,3.07,86.5,2,20,1,Medio (3-4)
17.0,Masculino,3,8,0,16.6,0,1.8,1,3.72,91.3,1,18,0,Medio (3-4)
19.0,Masculino,4,4,0,7.5,0,11.8,0,2.27,83.2,2,13,0,Medio (3-4)
20.0,Femenino,2,3,0,13.6,0,4.6,0,4.05,77.5,0,18,1,Bajo (1-2)
21.0,Femenino,4,9,0,32.2,0,7.3,0,4.29,71.8,1,14,1,Medio (3-4)
22.0,Femenino,5,1,0,15.8,0,1.7,0,2.96,77.2,1,17,0,Alto (5-6)
19.0,Masculino,4,5,0,8.8,0,4.5,0,2.45,94.5,1,17,0,Medio (3-4)
22.0,Femenino,3,2,0,16.4,1,17.2,0,3.83,80.7,1,20,0,Medio (3-4)
20.0,Masculino,4,2,1,8.1,0,15.7,1,3.07,77.9,4,20,1,Medio (3-4)
17.0,Masculino,3,1,1,4.0,1,4.8,1,3.02,84.6,1,12,0,Medio (3-4)
19.0,Masculino,3,2,0,26.6,0,16.0,0,3.81,78.5,5,12,0,Medio (3-4)
23.0,Femenino,3,10,1,19.3,0,13.2,0,2.97,77.3,1,21,1,Medio (3-4)
17.0,Masculino,2,5,0,16.1,0,7.1,0,3.58,75.5,3,15,1,Bajo (1-2)
21.0,Femenino,1,10,1,8.5,0,13.8,0,2.89,70.9,2,12,1,Bajo (1-2)
24.0,Masculino,3,3,0,12.1,1,17.4,1,3.14,92.0,1,13,0,Medio (3-4)
19.0,Masculino,2,8,0,23.3,0,0.4,1,4.83,62.5,2,16,1,Bajo (1-2)
21.0,Masculino,3,1,1,9.3,1,5.5,0,3.45,79.8,0,20,0,Medio (3-4)
18.0,Masculino,3,2,1,0.0,1,2.2,0,3.06,70.2,2,21,0,Medio (3-4)
24.0,Femenino,5,1,0,28.5,0,4.9,0,5.0,58.9,0,18,1,Alto (5-6)
20.0,Femenino,1,9,1,12.6,1,6.8,0,3.36,65.3,1,14,1,Bajo (1-2)
21.0,Femenino,3,7,1,13.7,1,3.5,0,3.28,74.6,2,19,1,Medio (3-4)
23.0,Femenino,3,8,0,20.5,0,15.0,0,3.18,79.0,1,20,0,Medio (3-4)
22.0,Femenino,1,10,1,13.2,1,0.2,0,2.97,82.4,1,16,1,Bajo (1-2)
19.0,Femenino,2,4,1,13.3,0,15.6,0,2.18,83.1,0,17,1,Bajo (1-2)
19.0,Femenino,1,8,0,11.5,1,15.3,1,3.51,66.5,2,16,1,Bajo (1-2)
22.0,Femenino,2,6,1,4.7,0,5.2,1,2.18,82.8,2,20,1,Bajo (1-2)
19.0,Femenino,2,6,0,15.7,1,3.2,0,3.76,85.3,2,18,0,Bajo (1-2)
17.0,Masculino,3,7,0,22.6,1,31.3,0,3.6,80.2,2,12,1,Medio (3-4)
20.0,Masculino,3,5,0,10.1,1,1.8,1,3.12,87.0,1,20,0,Medio (3-4)
17.0,Femenino,1,1,0,9.6,1,0.7,0,3.01,58.7,4,17,1,Bajo (1-2)
24.0,Femenino,2,1,0,21.3,0,4.0,1,4.25,72.1,0,16,0,Bajo (1-2)
21.0,Femenino,1,6,1,7.6,1,4.6,0,3.55,88.7,0,13,0,Bajo (1-2)
19.0,Masculino,3,6,0,11.5,0,13.6,1,3.1,79.2,1,18,1,Medio (3-4)
19.0,Femenino,2,8,1,7.8,0,3.2,0,2.5,97.2,0,12,0,Bajo (1-2)
17.0,Femenino,3,6,1,8.5,0,12.2,1,3.45,66.2,0,13,1,Medio (3-4)
18.0,Femenino,2,2,1,0.2,1,1.7,0,2.12,90.6,2,18,0,Bajo (1-2)
23.0,Femenino,1,4,1,7.4,1,2.4,1,2.16,72.9,4,14,1,Bajo (1-2)
25.0,Femenino,5,5,1,15.4,0,3.8,0,3.54,83.6,1,19,0,Alto (5-6)
22.0,Masculino,1,10,1,10.3,1,8.4,0,3.67,72.0,2,14,0,Bajo (1-2)
20.0,Masculino,2,6,0,20.9,1,8.7,1,3.34,83.2,1,19,1,Bajo (1-2)
20.0,Masculino,2,7,0,25.0,0,7.6,0,3.93,84.0,2,18,0,Bajo (1-2)
18.0,Masculino,6,8,0,23.1,0,5.9,0,3.43,71.9,0,19,0,Alto (5-6)
25.0,Masculino,3,4,0,19.5,1,24.4,0,3.84,86.0,1,19,0,Medio (3-4)
20.0,Femenino,3,10,1,7.1,1,4.9,1,3.47,76.3,2,19,0,Medio (3-4)
25.0,Masculino,6,7,0,10.3,0,0.3,1,2.93,83.8,3,15,1,Alto (5-6)
24.0,Masculino,1,9,1,9.8,0,2.8,0,2.53,48.5,0,16,0,Bajo (1-2)
17.0,Femenino,6,8,0,17.5,0,3.9,1,2.66,78.6,0,12,0,Alto (5-6)
19.0,Masculino,2,7,1,11.6,0,0.6,1,3.58,91.6,1,15,0,Bajo (1-2)
19.0,Femenino,3,1,0,17.7,0,8.6,0,2.83,84.9,0,16,0,Medio (3-4)
20.0,Femenino,3,6,1,9.9,0,9.5,0,3.23,83.9,2,19,1,Medio (3-4)
20.0,Masculino,3,2,0,18.7,0,8.7,0,3.83,78.5,1,21,0,Medio (3-4)
27.0,Masculino,5,7,0,21.6,0,7.0,0,3.32,94.8,3,18,0,Alto (5-6)
18.0,Masculino,2,8,1,16.4,0,1.3,0,3.26,77.9,0,13,1,Bajo (1-2)
21.0,Femenino,6,6,0,13.8,0,7.8,0,3.72,71.4,1,14,1,Alto (5-6)
22.0,Masculino,3,4,0,9.0,0,2.3,1,2.6,90.6,2,17,0,Medio (3-4)
20.0,Masculino,3,1,0,8.9,1,24.7,0,2.54,87.2,1,16,0,Medio (3-4)
21.0,Femenino,6,7,0,9.9,0,2.6,0,2.93,84.3,3,21,0,Alto (5-6)
18.0,Masculino,1,7,1,16.0,0,0.8,0,3.96,71.0,2,13,0,Bajo (1-2)
21.0,Femenino,5,5,1,12.2,0,5.3,0,3.95,77.8,2,17,1,Alto (5-6)
22.0,Femenino,3,8,0,5.5,1,1.7,1,2.8,95.9,1,19,0,Medio (3-4)
21.0,Femenino,4,8,1,5.3,0,26.7,0,2.48,79.8,3,16,1,Medio (3-4)
22.0,Masculino,2,6,0,15.5,0,12.9,1,3.83,67.2,1,14,0,Bajo (1-2)
24.0,Femenino,3,1,1,4.9,1,20.8,0,1.99,68.7,3,13,1,Medio (3-4)
23.0,Femenino,4,9,0,16.6,1,16.7,0,3.47,71.2,2,18,1,Medio (3-4)
21.0,Femenino,3,5,0,12.2,0,1.1,0,3.13,70.5,3,18,0,Medio (3-4)
18.0,Femenino,2,7,0,9.7,0,5.4,1,3.68,60.9,0,19,0,Bajo (1-2)
19.0,Femenino,2,10,0,14.3,1,0.4,0,3.94,96.9,2,20,0,Bajo (1-2)
20.0,Masculino,5,4,1,17.1,1,5.7,0,2.9,66.2,0,21,0,Alto (5-6)
21.0,Femenino,1,7,0,8.9,1,14.4,0,3.08,70.0,1,13,1,Bajo (1-2)
19.0,Masculino,4,1,0,12.5,1,17.2,0,2.88,58.6,2,16,0,Medio (3-4)
18.0,Masculino,6,9,0,16.8,1,2.1,0,3.21,86.7,1,15,0,Alto (5-6)
18.0,Femenino,1,1,0,9.4,1,8.1,0,3.33,77.1,1,20,0,Bajo (1-2)
17.0,Femenino,2,6,1,0.0,0,0.0,1,2.43,75.5,5,13,1,Bajo (1-2)
20.0,Masculino,4,4,1,0.0,1,3.8,0,2.7,72.0,1,18,1,Medio (3-4)
17.0,Femenino,1,1,0,11.5,1,5.6,1,3.6,87.9,0,15,0,Bajo (1-2)
18.0,Femenino,3,5,1,0.0,0,12.8,1,3.36,74.2,0,12,0,Medio (3-4)
20.0,Masculino,4,10,0,11.9,0,1.1,0,3.28,58.1,4,17,0,Medio (3-4)
18.0,Masculino,3,2,1,18.0,0,6.7,0,3.47,62.1,1,15,0,Medio (3-4)
21.0,Masculino,3,3,0,5.7,1,0.0,0,2.3,64.6,2,18,0,Medio (3-4)
22.0,Femenino,4,2,0,12.3,1,12.8,0,3.95,80.8,2,15,0,Medio (3-4)
19.0,Masculino,3,2,1,23.6,0,12.2,1,3.91,88.3,0,13,1,Medio (3-4)
20.0,Masculino,2,3,0,16.4,1,2.6,1,3.41,96.7,1,13,0,Bajo (1-2)
22.0,Femenino,3,6,0,11.8,0,7.2,0,3.17,61.7,2,13,0,Medio (3-4)
19.0,Masculino,5,8,0,13.1,0,15.2,0,3.37,84.2,1,16,1,Alto (5-6)
19.0,Femenino,4,7,0,16.6,0,3.6,0,3.73,71.8,0,14,1,Medio (3-4)
23.0,Femenino,3,8,1,18.9,1,2.4,0,3.9,100.0,1,13,1,Medio (3-4)
22.0,Masculino,2,8,1,6.2,0,4.6,0,3.69,88.8,0,15,0,Bajo (1-2)
22.0,Femenino,1,4,1,5.6,0,15.7,0,2.97,92.0,4,20,0,Bajo (1-2)
23.0,Femenino,2,10,1,1.0,0,24.3,0,3.52,83.0,1,20,1,Bajo (1-2)
17.0,Masculino,1,2,0,14.6,1,39.2,0,3.79,81.8,3,15,0,Bajo (1-2)
23.0,Masculino,6,7,1,2.7,1,0.2,0,2.69,71.0,2,17,0,Alto (5-6)
21.0,Masculino,2,2,0,11.2,1,1.4,0,2.27,72.0,3,13,1,Bajo (1-2)
23.0,Masculino,4,8,0,8.5,1,4.8,0,3.03,70.0,0,16,1,Medio (3-4)
21.0,Masculino,2,1,0,20.4,0,7.6,0,4.3,84.2,1,18,1,Bajo (1-2)
21.0,Femenino,2,3,0,10.9,0,2.6,0,2.71,93.6,1,12,1,Bajo (1-2)
20.0,Femenino,3,4,1,14.3,1,9.8,0,3.29,71.4,2,20,0,Medio (3-4)
21.0,Femenino,2,7,0,4.4,0,3.2,1,2.88,74.8,2,21,0,Bajo (1-2)
20.0,Femenino,4,1,0,14.8,0,7.0,0,3.74,63.2,1,21,0,Medio (3-4)
22.0,Masculino,6,3,0,6.8,0,0.4,0,2.71,80.4,3,14,0,Alto (5-6)
17.0,Femenino,5,4,0,11.4,1,9.1,0,2.68,90.3,2,20,1,Alto (5-6)
19.0,Femenino,2,8,0,27.3,0,8.4,0,4.11,90.8,2,13,0,Bajo (1-2)
25.0,Femenino,4,10,1,16.1,0,7.7,0,2.95,88.8,0,20,1,Medio (3-4)
19.0,Femenino,2,7,1,10.4,1,12.4,1,2.15,83.2,0,13,0,Bajo (1-2)
20.0,Masculino,5,6,0,33.2,0,3.3,1,5.0,82.9,0,15,0,Alto (5-6)
19.0,Femenino,3,4,1,3.8,0,6.2,0,3.23,87.8,0,21,1,Medio (3-4)
21.0,Femenino,2,9,1,17.1,1,7.7,0,4.31,63.9,1,17,0,Bajo (1-2)
19.0,Femenino,2,2,1,1.1,1,26.3,1,3.08,74.6,1,14,1,Bajo (1-2)
20.0,Femenino,1,2,1,6.4,0,9.9,0,3.23,92.1,1,15,0,Bajo (1-2)
22.0,Masculino,2,3,1,1.3,0,12.2,0,2.84,64.3,0,15,0,Bajo (1-2)
19.0,Femenino,5,3,1,11.5,0,4.0,1,3.02,78.7,1,21,1,Alto (5-6)
22.0,Femenino,4,5,0,14.3,0,8.1,0,3.5,84.3,1,16,0,Medio (3-4)
22.0,Femenino,6,10,1,4.5,1,7.1,0,2.53,75.8,1,12,0,Alto (5-6)
23.0,Masculino,1,7,0,20.6,1,17.2,0,2.99,89.5,1,13,0,Bajo (1-2)
21.0,Masculino,3,4,0,10.6,0,2.8,0,2.91,93.3,2,17,1,Medio (3-4)
28.0,Masculino,2,3,1,15.8,1,3.8,1,3.96,83.8,1,12,0,Bajo (1-2)
23.0,Masculino,3,7,0,18.9,0,0.6,0,2.84,91.9,2,14,1,Medio (3-4)
21.0,Masculino,2,3,1,2.0,0,5.4,0,2.08,65.7,0,18,1,Bajo (1-2)
19.0,Femenino,2,10,1,5.7,1,36.3,0,3.15,73.4,3,20,1,Bajo (1-2)
20.0,Femenino,3,5,0,14.3,0,12.6,0,3.04,100.0,1,12,1,Medio (3-4)
24.0,Masculino,2,6,0,17.8,0,4.9,0,3.64,97.4,5,15,0,Bajo (1-2)
24.0,Femenino,3,10,0,22.5,1,0.5,0,4.11,65.2,1,15,1,Medio (3-4)
24.0,Masculino,4,4,1,10.5,0,2.5,0,3.3,74.9,1,20,0,Medio (3-4)
22.0,Femenino,2,5,0,12.1,0,2.9,0,2.83,79.4,0,19,0,Bajo (1-2)
18.0,Masculino,5,6,1,2.0,0,21.4,1,3.33,83.2,1,21,1,Alto (5-6)
22.0,Masculino,3,3,0,16.0,0,0.2,0,3.69,90.7,0,18,0,Medio (3-4)
18.0,Femenino,4,1,0,12.2,0,6.2,1,3.16,100.0,1,13,1,Medio (3-4)
17.0,Masculino,4,3,1,12.2,0,1.8,0,3.14,75.4,3,21,1,Medio (3-4)
21.0,Masculino,4,2,0,13.4,0,2.0,0,3.39,89.2,1,19,0,Medio (3-4)
22.0,Masculino,4,7,0,17.3,0,50.9,1,3.22,88.5,1,18,0,Medio (3-4)
22.0,Femenino,5,1,0,10.6,0,2.3,1,2.26,81.8,0,15,0,Alto (5-6)
22.0,Femenino,3,4,0,9.4,1,15.9,0,3.4,61.0,1,19,1,Medio (3-4)
22.0,Masculino,2,9,0,16.6,1,22.0,0,3.69,88.2,1,16,0,Bajo (1-2)
18.0,Femenino,1,6,1,0.0,1,7.2,1,1.45,85.1,4,15,1,Bajo (1-2)
20.0,Femenino,3,7,1,6.3,1,54.5,0,3.14,78.9,0,14,1,Medio (3-4)
17.0,Masculino,1,7,1,4.7,0,5.1,0,3.69,65.2,1,18,1,Bajo (1-2)
17.0,Masculino,2,3,0,21.2,0,3.6,0,2.99,97.6,0,18,0,Bajo (1-2)
22.0,Femenino,1,7,1,7.9,0,2.5,1,2.92,80.5,2,14,0,Bajo (1-2)
19.0,Femenino,3,3,0,10.6,0,4.2,0,2.99,66.6,1,15,0,Medio (3-4)
22.0,Femenino,2,7,1,10.5,1,8.7,0,3.9,62.0,1,14,0,Bajo (1-2)
23.0,Femenino,3,7,0,10.4,0,10.2,1,3.63,88.8,1,19,0,Medio (3-4)
19.0,Masculino,4,9,0,11.6,1,4.8,0,2.68,85.1,1,15,0,Medio (3-4)
22.0,Femenino,4,10,0,14.6,0,20.2,1,3.43,77.4,2,19,0,Medio (3-4)
19.0,Femenino,2,1,1,9.0,0,0.2,0,4.16,79.6,0,14,0,Bajo (1-2)
17.0,Masculino,3,3,1,5.2,0,10.4,1,2.52,85.7,2,15,1,Medio (3-4)
21.0,Femenino,3,6,1,2.8,0,12.1,0,2.72,76.4,1,12,0,Medio (3-4)
19.0,Femenino,3,4,1,1.1,0,17.2,0,2.91,68.0,3,12,0,Medio (3-4)
20.0,Masculino,4,7,1,10.5,1,10.9,0,2.77,84.6,0,12,1,Medio (3-4)
25.0,Masculino,2,9,1,12.2,0,16.0,1,4.03,87.4,0,12,0,Bajo (1-2)
17.0,Masculino,6,3,0,5.4,1,2.5,0,2.61,83.7,2,21,1,Alto (5-6)
21.0,Masculino,1,9,0,18.6,1,4.9,0,2.74,69.7,2,14,1,Bajo (1-2)
18.0,Femenino,4,9,1,11.5,0,7.7,0,2.85,61.7,1,17,1,Medio (3-4)
22.0,Masculino,3,10,1,15.5,1,6.0,0,3.62,75.8,0,21,0,Medio (3-4)
21.0,Masculino,2,1,0,15.8,0,1.9,0,2.91,87.3,2,16,0,Bajo (1-2)
21.0,Masculino,4,3,1,18.7,0,8.0,0,3.59,85.4,0,15,0,Medio (3-4)
18.0,Masculino,1,2,1,26.3,0,35.6,0,4.07,80.8,2,19,0,Bajo (1-2)
19.0,Masculino,4,2,0,12.2,0,7.2,1,2.54,77.5,1,19,1,Medio (3-4)
23.0,Masculino,3,1,0,7.7,0,1.9,0,2.67,70.0,0,13,0,Medio (3-4)
24.0,Femenino,1,5,0,4.8,1,4.2,0,2.99,77.8,1,21,1,Bajo (1-2)
22.0,Masculino,1,1,0,24.5,1,6.0,0,4.06,77.9,2,13,0,Bajo (1-2)
19.0,Femenino,4,3,0,24.6,0,1.0,0,3.44,89.1,0,15,0,Medio (3-4)
21.0,Masculino,2,10,0,8.5,1,2.2,1,3.06,77.2,4,21,1,Bajo (1-2)
26.0,Masculino,5,9,0,9.6,0,16.3,0,2.89,74.0,3,17,0,Alto (5-6)
21.0,Masculino,4,10,1,9.3,0,2.9,0,3.38,95.5,0,17,0,Medio (3-4)
24.0,Masculino,4,1,1,16.4,0,37.6,1,3.6,94.5,1,20,1,Medio (3-4)
19.0,Femenino,2,7,1,1.9,0,8.5,0,2.5,66.2,1,16,1,Bajo (1-2)
20.0,Masculino,4,7,0,2.2,0,16.8,1,2.94,96.7,2,18,1,Medio (3-4)
22.0,Masculino,5,2,1,21.3,1,6.0,0,3.35,63.8,1,17,1,Alto (5-6)
21.0,Femenino,1,10,0,15.9,0,42.6,1,3.54,77.7,1,13,0,Bajo (1-2)
19.0,Femenino,2,5,0,16.7,0,2.3,1,3.59,78.8,2,15,0,Bajo (1-2)
19.0,Femenino,2,10,0,12.8,1,2.7,1,4.36,81.2,2,19,0,Bajo (1-2)
23.0,Masculino,3,2,0,16.8,1,5.5,0,3.19,84.2,1,15,0,Medio (3-4)
23.0,Femenino,4,7,0,4.9,1,1.6,1,2.75,83.1,2,21,0,Medio (3-4)
24.0,Masculino,3,2,0,9.0,0,3.7,1,2.68,88.1,1,21,0,Medio (3-4)
24.0,Femenino,3,10,0,14.6,1,2.8,0,2.74,74.0,6,19,1,Medio (3-4)
21.0,Masculino,2,7,0,0.4,0,6.5,0,2.39,81.7,2,12,1,Bajo (1-2)
20.0,Femenino,2,1,0,12.2,1,1.8,0,3.48,78.8,0,19,0,Bajo (1-2)
23.0,Masculino,2,3,0,11.8,0,7.1,1,3.5,68.1,0,21,0,Bajo (1-2)
22.0,Femenino,5,4,1,4.3,0,3.2,1,2.94,83.8,5,19,1,Alto (5-6)
18.0,Masculino,3,1,0,10.7,1,0.8,0,2.93,79.0,2,18,0,Medio (3-4)
18.0,Masculino,3,1,0,8.0,1,6.3,0,2.71,70.9,2,18,0,Medio (3-4)
22.0,Masculino,4,10,1,1.2,0,11.6,0,2.19,70.8,4,16,1,Medio (3-4)
20.0,Masculino,1,10,1,12.2,0,13.6,0,2.87,71.0,1,14,1,Bajo (1-2)
20.0,Femenino,2,6,0,12.2,1,3.8,1,2.5,79.6,1,16,0,Bajo (1-2)
23.0,Femenino,2,10,0,5.7,0,10.2,0,3.54,95.6,2,21,0,Bajo (1-2)
22.0,Femenino,6,7,0,14.4,0,1.8,1,4.17,100.0,3,12,1,Alto (5-6)
23.0,Femenino,4,1,0,12.2,0,3.8,0,2.18,50.7,0,13,1,Medio (3-4)
17.0,Masculino,3,8,0,11.2,0,5.1,0,3.25,82.9,2,20,0,Medio (3-4)
21.0,Masculino,1,1,1,0.0,0,8.9,1,2.74,88.5,2,20,1,Bajo (1-2)
22.0,Masculino,2,9,1,14.5,1,19.6,0,3.35,72.8,2,17,0,Bajo (1-2)
17.0,Masculino,3,4,1,0.4,0,14.5,1,2.32,88.3,1,15,0,Medio (3-4)
19.0,Masculino,3,2,0,14.4,1,11.3,1,3.76,98.5,1,13,0,Medio (3-4)
19.0,Masculino,5,3,0,9.2,1,12.7,1,3.22,68.3,0,18,0,Alto (5-6)
21.0,Femenino,4,7,0,11.7,0,13.2,1,3.64,83.3,0,17,0,Medio (3-4)
24.0,Femenino,3,9,1,17.3,1,1.8,0,3.01,94.6,2,20,1,Medio (3-4)
25.0,Masculino,4,6,1,14.2,0,14.4,0,2.55,62.6,4,15,1,Medio (3-4)
19.0,Masculino,6,2,0,20.8,1,3.7,1,3.75,80.8,1,19,0,Alto (5-6)
22.0,Femenino,3,10,0,16.0,0,1.1,0,2.84,73.5,2,21,0,Medio (3-4)
22.0,Femenino,3,8,0,16.4,0,10.1,1,3.86,92.5,0,13,0,Medio (3-4)
21.0,Masculino,5,5,1,1.4,0,9.0,0,1.6,86.9,3,19,1,Alto (5-6)
21.0,Femenino,2,6,0,12.1,1,19.5,1,2.91,83.6,1,18,0,Bajo (1-2)
21.0,Femenino,5,10,1,9.0,0,5.5,0,2.69,75.3,3,16,1,Alto (5-6)
24.0,Masculino,1,4,1,19.9,1,3.2,1,3.33,61.8,1,14,0,Bajo (1-2)
23.0,Masculino,3,1,0,11.0,0,17.8,0,3.22,92.2,0,13,0,Medio (3-4)
18.0,Femenino,4,2,0,15.6,1,1.0,0,3.5,74.5,2,13,1,Medio (3-4)
22.0,Masculino,3,7,0,15.4,0,1.7,1,3.61,80.6,0,14,0,Medio (3-4)
22.0,Femenino,3,10,1,16.8,0,7.2,0,3.73,84.7,0,17,1,Medio (3-4)
21.0,Masculino,3,8,0,13.2,0,0.0,0,3.11,80.0,0,17,1,Medio (3-4)
23.0,Femenino,2,7,1,14.2,0,5.6,0,4.29,85.0,1,21,0,Bajo (1-2)
21.0,Masculino,2,4,1,0.5,1,10.1,0,3.32,81.0,5,19,1,Bajo (1-2)
21.0,Femenino,2,5,1,4.2,1,3.7,0,2.63,77.0,2,21,1,Bajo (1-2)
21.0,Femenino,3,1,1,0.0,0,15.6,0,2.53,78.1,1,19,0,Medio (3-4)
17.0,Masculino,3,4,1,16.8,0,0.9,0,3.19,63.8,3,17,1,Medio (3-4)
20.0,Femenino,2,7,1,11.3,0,3.3,0,3.29,73.5,0,20,0,Bajo (1-2)
19.0,Femenino,5,10,0,19.4,1,5.8,1,2.99,92.8,1,19,0,Alto (5-6)
18.0,Femenino,3,10,1,7.9,1,10.7,0,2.56,66.0,3,20,1,Medio (3-4)
24.0,Masculino,3,9,1,6.0,1,1.0,0,1.79,67.8,1,14,1,Medio (3-4)
22.0,Masculino,3,1,0,13.3,1,18.8,0,3.0,69.2,2,19,1,Medio (3-4)
20.0,Masculino,2,9,1,15.6,0,4.6,0,3.83,76.5,1,14,1,Bajo (1-2)
19.0,Femenino,4,3,0,24.2,0,25.0,1,3.61,96.0,0,15,0,Medio (3-4)
21.0,Femenino,3,7,1,16.2,1,5.5,1,3.28,84.5,1,19,0,Medio (3-4)
23.0,Femenino,1,10,1,11.8,0,8.8,0,3.27,53.2,1,17,0,Bajo (1-2)
19.0,Masculino,6,9,0,22.0,0,13.9,0,3.09,84.5,2,19,0,Alto (5-6)
20.0,Masculino,4,7,0,12.5,0,2.8,1,3.17,77.6,0,19,0,Medio (3-4)
22.0,Masculino,4,3,0,11.7,1,9.5,0,3.57,83.1,4,19,1,Medio (3-4)
17.0,Masculino,5,6,0,13.2,1,7.4,0,3.35,76.5,3,13,1,Alto (5-6)
20.0,Femenino,5,8,1,3.2,1,0.9,0,3.23,66.4,3,13,1,Alto (5-6)
20.0,Masculino,2,6,0,12.9,0,15.1,1,3.81,81.3,1,14,1,Bajo (1-2)
20.0,Femenino,3,5,1,3.2,0,0.5,0,3.08,70.6,1,15,0,Medio (3-4)
19.0,Femenino,3,5,0,20.2,0,15.7,0,3.15,81.1,1,20,0,Medio (3-4)
21.0,Femenino,2,6,0,17.3,1,2.4,1,3.2,73.1,0,12,1,Bajo (1-2)
25.0,Femenino,2,1,0,22.6,0,12.5,0,4.58,66.8,0,17,0,Bajo (1-2)
20.0,Femenino,1,10,0,4.2,1,9.8,0,2.95,85.3,1,19,1,Bajo (1-2)
21.0,Femenino,4,2,0,25.4,0,24.7,0,3.83,89.1,4,15,0,Medio (3-4)
25.0,Femenino,4,10,1,1.5,1,7.2,1,2.24,84.8,1,15,0,Medio (3-4)
19.0,Masculino,4,1,0,6.8,1,14.4,0,2.86,71.5,2,14,0,Medio (3-4)
24.0,Femenino,2,6,1,6.5,0,11.4,0,3.25,67.6,0,16,0,Bajo (1-2)
21.0,Femenino,2,5,0,21.8,1,1.8,1,3.59,75.2,2,18,0,Bajo (1-2)
24.0,Masculino,3,6,0,15.4,0,8.7,1,3.03,90.9,2,17,0,Medio (3-4)
22.0,Masculino,3,5,0,12.5,1,4.8,0,3.02,69.7,2,20,0,Medio (3-4)
21.0,Masculino,5,9,0,9.2,1,6.5,0,3.61,86.8,1,12,1,Alto (5-6)
20.0,Femenino,5,1,0,5.7,0,2.4,0,3.19,84.4,0,14,0,Alto (5-6)
19.0,Masculino,5,10,0,20.8,0,0.6,0,3.8,90.4,4,15,1,Alto (5-6)
21.0,Femenino,5,7,0,18.8,1,3.2,0,3.67,88.6,1,15,0,Alto (5-6)
22.0,Femenino,6,8,1,20.9,1,10.5,1,2.95,84.4,0,19,0,Alto (5-6)
20.0,Masculino,3,2,0,16.4,1,1.4,1,3.47,67.3,5,13,0,Medio (3-4)
20.0,Masculino,1,1,0,0.0,1,2.2,1,3.13,88.1,1,14,1,Bajo (1-2)
20.0,Masculino,1,4,1,3.5,0,23.1,0,2.63,76.2,4,12,1,Bajo (1-2)
23.0,Masculino,3,4,0,16.8,0,43.9,0,3.84,74.3,1,17,1,Medio (3-4)
23.0,Masculino,2,8,0,11.8,0,3.9,1,3.4,95.6,1,21,0,Bajo (1-2)
19.0,Femenino,2,9,0,10.6,0,2.0,0,3.49,76.5,2,21,0,Bajo (1-2)
19.0,Femenino,6,5,0,7.4,0,2.7,0,2.96,72.7,2,12,0,Alto (5-6)
21.0,Femenino,2,8,1,13.7,1,12.5,0,3.66,86.2,2,13,0,Bajo (1-2)
24.0,Femenino,6,1,0,16.7,0,0.2,0,2.62,73.9,2,17,1,Alto (5-6)
23.0,Masculino,4,8,0,17.0,0,10.8,0,3.38,72.2,0,14,1,Medio (3-4)
18.0,Femenino,3,1,0,10.2,1,8.5,0,3.42,66.7,1,14,0,Medio (3-4)
20.0,Masculino,4,7,0,15.1,1,0.6,1,3.43,73.8,1,18,0,Medio (3-4)
18.0,Masculino,2,4,1,3.5,1,23.8,0,3.31,67.7,0,15,0,Bajo (1-2)
20.0,Masculino,3,5,0,13.2,0,5.4,0,3.12,84.2,1,17,0,Medio (3-4)
24.0,Femenino,2,3,0,0.0,1,3.4,0,2.33,67.8,1,12,1,Bajo (1-2)
17.0,Femenino,5,5,0,4.6,0,3.2,0,1.99,59.4,1,21,1,Alto (5-6)
17.0,Masculino,2,9,0,12.1,0,8.7,0,3.01,81.0,2,12,0,Bajo (1-2)
19.0,Masculino,2,9,1,25.9,1,28.9,0,4.03,68.7,0,12,0,Bajo (1-2)
21.0,Masculino,4,4,0,3.2,0,10.9,0,3.12,77.8,1,16,1,Medio (3-4)
22.0,Masculino,4,3,0,6.5,1,4.5,0,2.19,90.8,1,20,0,Medio (3-4)
21.0,Masculino,3,6,1,8.8,0,8.4,1,3.58,79.7,2,18,0,Medio (3-4)
23.0,Femenino,3,7,1,21.1,0,2.2,0,3.06,90.1,0,16,0,Medio (3-4)
17.0,Masculino,2,2,0,15.2,0,21.7,0,3.22,77.3,1,14,0,Bajo (1-2)
23.0,Femenino,4,8,0,18.2,0,41.6,1,3.14,92.1,2,14,1,Medio (3-4)
20.0,Masculino,2,10,1,4.2,0,7.4,1,3.0,73.5,1,18,1,Bajo (1-2)
22.0,Masculino,2,9,0,10.9,0,3.0,1,3.14,83.1,2,17,0,Bajo (1-2)
18.0,Femenino,2,6,0,14.5,0,1.6,0,3.59,68.7,1,18,1,Bajo (1-2)
21.0,Femenino,2,4,0,10.1,1,45.9,1,3.97,73.9,0,16,1,Bajo (1-2)
21.0,Femenino,2,4,0,18.3,0,20.4,0,3.62,75.8,0,15,1,Bajo (1-2)
23.0,Masculino,3,8,1,3.4,1,23.5,0,2.46,61.7,1,13,1,Medio (3-4)
17.0,Femenino,2,5,1,19.6,1,0.1,1,3.71,80.6,1,14,0,Bajo (1-2)
21.0,Femenino,2,2,1,7.7,0,7.1,0,3.92,72.0,3,14,1,Bajo (1-2)
18.0,Femenino,3,7,1,8.6,0,10.3,1,3.31,81.3,0,16,1,Medio (3-4)
22.0,Femenino,2,2,1,0.0,1,21.2,1,3.07,65.9,4,14,0,Bajo (1-2)
22.0,Femenino,4,10,1,6.6,1,16.1,0,2.1,82.0,4,19,1,Medio (3-4)
23.0,Femenino,5,5,0,21.2,0,2.1,0,3.75,95.0,1,17,0,Alto (5-6)
19.0,Femenino,3,4,0,12.7,1,13.5,1,3.04,96.9,1,15,0,Medio (3-4)
23.0,Femenino,5,1,0,15.7,0,6.0,0,2.97,97.0,0,12,1,Alto (5-6)
23.0,Femenino,1,2,1,6.0,0,22.8,0,2.86,75.4,4,13,0,Bajo (1-2)
17.0,Femenino,1,10,1,8.5,0,2.3,0,3.04,71.5,4,12,1,Bajo (1-2)
22.0,Femenino,4,6,0,5.8,0,16.5,1,2.55,86.9,2,15,0,Medio (3-4)
23.0,Masculino,4,10,0,14.6,0,0.2,1,3.35,79.6,2,15,0,Medio (3-4)
20.0,Femenino,4,10,0,16.2,0,10.2,0,3.24,60.6,0,12,1,Medio (3-4)
18.0,Femenino,1,1,1,12.8,0,43.2,1,3.53,87.2,0,19,0,Bajo (1-2)
23.0,Femenino,4,4,0,8.6,0,22.5,1,3.1,79.7,1,17,0,Medio (3-4)
18.0,Femenino,3,9,0,11.9,0,0.0,0,3.33,63.3,1,21,1,Medio (3-4)
20.0,Femenino,2,5,0,17.2,1,29.9,0,3.86,72.9,0,20,0,Bajo (1-2)
20.0,Femenino,2,6,1,6.0,1,8.8,0,3.15,72.9,3,12,0,Bajo (1-2)
22.0,Masculino,6,6,0,12.3,0,1.7,1,3.15,82.1,1,18,1,Alto (5-6)
19.0,Femenino,1,8,1,21.6,0,2.3,0,2.53,75.2,0,21,0,Bajo (1-2)
19.0,Femenino,4,10,0,8.3,0,7.5,0,3.23,91.7,0,20,0,Medio (3-4)
21.0,Femenino,3,9,1,14.0,1,2.5,0,2.77,62.1,1,18,0,Medio (3-4)
23.0,Femenino,4,7,0,7.1,0,21.5,0,2.88,76.5,2,13,1,Medio (3-4)
26.0,Femenino,4,6,0,17.9,0,11.6,0,3.59,69.2,2,21,0,Medio (3-4)
17.0,Masculino,5,4,0,18.2,1,25.2,0,4.09,90.6,2,20,0,Alto (5-6)
21.0,Masculino,2,2,1,6.5,0,9.1,0,3.81,69.4,1,17,0,Bajo (1-2)
18.0,Femenino,1,8,0,6.7,0,13.0,1,2.44,78.6,4,21,1,Bajo (1-2)
23.0,Femenino,3,1,0,2.2,1,3.1,1,2.04,92.5,2,16,0,Medio (3-4)
18.0,Femenino,3,7,0,10.3,1,3.3,1,3.23,95.2,0,17,0,Medio (3-4)
19.0,Femenino,2,5,0,17.2,0,3.4,0,3.49,92.7,1,19,1,Bajo (1-2)
19.0,Masculino,2,8,0,7.5,0,1.5,0,2.34,61.6,3,19,1,Bajo (1-2)
20.0,Femenino,2,10,1,7.6,0,1.6,1,2.93,83.8,1,17,1,Bajo (1-2)
21.0,Femenino,1,6,0,5.1,0,11.6,0,3.13,80.7,1,19,0,Bajo (1-2)
22.0,Masculino,1,6,0,12.6,0,1.5,0,2.55,77.5,2,20,0,Bajo (1-2)
20.0,Femenino,5,5,1,2.1,0,3.0,0,2.2,75.7,1,18,1,Alto (5-6)
18.0,Femenino,2,4,0,13.5,1,10.1,0,2.89,90.9,2,20,0,Bajo (1-2)
22.0,Masculino,6,1,1,5.0,1,1.1,0,2.72,85.4,2,16,0,Alto (5-6)
20.0,Femenino,6,1,0,6.9,1,4.7,1,3.26,91.0,1,17,0,Alto (5-6)
23.0,Femenino,2,8,0,10.0,1,0.5,1,2.89,84.1,3,18,1,Bajo (1-2)
19.0,Femenino,4,10,1,4.0,0,8.2,1,2.81,100.0,1,17,0,Medio (3-4)
17.0,Masculino,3,1,0,6.1,0,0.3,1,4.0,78.0,1,13,0,Medio (3-4)
20.0,Femenino,4,4,1,14.3,0,0.0,0,2.77,58.8,3,16,0,Medio (3-4)
23.0,Femenino,1,7,0,11.8,0,8.0,0,2.81,75.3,2,13,1,Bajo (1-2)
21.0,Femenino,2,8,1,0.0,0,15.3,0,2.94,75.6,1,18,1,Bajo (1-2)
20.0,Femenino,1,8,0,10.3,1,0.7,1,3.56,95.0,0,19,0,Bajo (1-2)
19.0,Masculino,3,7,0,19.5,0,13.0,0,3.68,72.9,2,18,0,Medio (3-4)
24.0,Femenino,6,1,0,9.4,0,11.2,1,3.93,86.9,0,20,0,Alto (5-6)
18.0,Masculino,4,3,1,15.2,0,2.4,0,3.44,60.2,1,18,1,Medio (3-4)
19.0,Masculino,4,5,0,8.9,1,3.7,0,2.01,88.8,3,15,0,Medio (3-4)
22.0,Masculino,6,1,1,14.6,0,15.8,1,3.31,79.7,0,12,0,Alto (5-6)
17.0,Femenino,4,4,0,20.2,0,37.7,1,3.22,79.2,1,12,1,Medio (3-4)
23.0,Masculino,1,4,1,14.1,0,12.9,1,3.93,100.0,0,21,0,Bajo (1-2)
22.0,Masculino,5,10,0,5.8,1,8.8,0,3.34,88.7,0,19,0,Alto (5-6)
22.0,Femenino,3,4,1,5.0,0,17.6,0,2.03,64.6,1,15,0,Medio (3-4)
22.0,Masculino,1,10,0,21.0,1,8.3,0,4.22,76.9,2,21,0,Bajo (1-2)
20.0,Masculino,3,8,1,4.6,1,3.5,1,3.28,100.0,1,14,1,Medio (3-4)
18.0,Femenino,5,7,0,19.9,1,10.5,0,3.33,97.8,1,19,0,Alto (5-6)
20.0,Masculino,2,9,0,11.4,0,15.4,0,3.07,87.2,1,14,1,Bajo (1-2)
18.0,Femenino,3,9,0,14.8,1,0.2,0,3.96,59.5,3,19,0,Medio (3-4)
22.0,Masculino,2,3,0,5.7,0,13.6,1,1.87,95.3,1,12,0,Bajo (1-2)
22.0,Masculino,1,5,1,5.3,0,17.4,0,3.06,68.6,1,18,1,Bajo (1-2)
24.0,Femenino,1,6,0,8.7,0,9.6,1,3.54,95.2,2,16,1,Bajo (1-2)
21.0,Masculino,4,10,0,15.4,0,20.0,0,3.25,70.8,3,17,0,Medio (3-4)
23.0,Femenino,5,1,0,14.6,0,17.2,0,3.58,82.9,1,12,0,Alto (5-6)
20.0,Masculino,2,5,1,10.8,1,11.4,1,3.14,72.6,0,15,0,Bajo (1-2)
19.0,Masculino,2,3,1,1.7,1,4.3,0,2.28,71.4,2,13,1,Bajo (1-2)
22.0,Femenino,2,3,0,8.4,0,0.2,0,2.57,84.2,1,18,0,Bajo (1-2)
20.0,Femenino,1,8,1,14.6,1,14.1,0,3.61,61.8,1,12,0,Bajo (1-2)
21.0,Femenino,3,3,1,8.2,1,2.3,0,2.65,98.7,2,21,0,Medio (3-4)
18.0,Femenino,4,8,1,16.5,0,11.1,1,2.58,68.7,2,13,0,Medio (3-4)
19.0,Femenino,3,10,1,8.3,1,18.1,0,3.03,64.2,3,17,1,Medio (3-4)
22.0,Femenino,3,8,0,12.0,1,4.6,0,2.89,84.3,1,21,1,Medio (3-4)
22.0,Femenino,3,2,0,16.8,1,1.3,1,2.76,94.9,3,16,1,Medio (3-4)
18.0,Femenino,1,2,0,13.5,0,3.5,0,3.25,74.8,0,17,0,Bajo (1-2)
22.0,Masculino,2,5,0,4.1,1,11.3,0,3.17,67.3,2,21,1,Bajo (1-2)
19.0,Masculino,5,6,0,7.6,1,3.1,1,2.95,72.8,1,12,0,Alto (5-6)
21.0,Masculino,4,8,1,16.7,0,1.3,1,2.82,68.7,1,17,1,Medio (3-4)
24.0,Femenino,5,5,0,14.5,0,2.4,0,3.49,81.1,1,17,1,Alto (5-6)
22.0,Masculino,5,2,1,0.9,0,14.5,0,3.16,74.3,1,19,1,Alto (5-6)
22.0,Masculino,3,10,1,12.7,0,3.5,0,4.28,79.3,2,18,1,Medio (3-4)
25.0,Femenino,5,10,0,10.6,0,5.5,0,3.8,81.6,0,16,0,Alto (5-6)
19.0,Femenino,3,7,1,5.2,0,3.2,1,2.33,87.2,3,17,0,Medio (3-4)
18.0,Masculino,1,7,1,0.9,1,11.2,0,3.07,70.9,2,14,0,Bajo (1-2)
19.0,Femenino,1,10,0,20.0,1,10.6,0,3.63,70.6,0,15,1,Bajo (1-2)
20.0,Femenino,1,5,0,2.2,0,1.5,0,2.12,79.6,1,21,1,Bajo (1-2)
17.0,Masculino,1,2,0,9.0,0,2.9,0,3.15,77.5,0,18,0,Bajo (1-2)
20.0,Femenino,3,7,0,14.7,0,0.2,1,4.22,84.5,0,18,0,Medio (3-4)
19.0,Femenino,4,5,1,21.2,0,8.7,0,4.15,67.9,1,13,0,Medio (3-4)
22.0,Masculino,4,8,1,10.6,0,17.6,0,2.57,81.4,4,15,1,Medio (3-4)
21.0,Masculino,3,8,1,1.1,0,15.1,0,2.66,63.2,0,14,0,Medio (3-4)
19.0,Femenino,2,5,1,20.4,1,8.7,0,3.77,70.6,2,21,0,Bajo (1-2)
22.0,Masculino,4,4,0,5.9,0,8.1,1,2.0,93.3,3,21,1,Medio (3-4)
22.0,Masculino,3,5,1,16.4,0,36.8,1,2.49,67.7,4,15,1,Medio (3-4)
19.0,Masculino,1,7,1,10.8,1,0.8,1,3.16,89.5,0,16,1,Bajo (1-2)
19.0,Masculino,2,7,0,8.7,0,2.7,0,3.08,63.9,3,18,1,Bajo (1-2)
17.0,Femenino,2,6,1,12.2,0,14.3,1,2.23,63.1,1,13,1,Bajo (1-2)
18.0,Femenino,2,6,1,8.8,0,12.8,0,3.19,60.1,1,17,0,Bajo (1-2)
19.0,Masculino,4,10,1,14.3,1,7.1,0,3.79,76.2,0,14,0,Medio (3-4)
21.0,Femenino,4,3,0,3.0,0,3.8,0,2.62,85.3,0,17,1,Medio (3-4)
18.0,Masculino,4,2,0,16.0,1,9.6,1,3.35,94.9,2,19,1,Medio (3-4)
19.0,Masculino,2,8,0,11.5,1,11.1,1,3.4,94.1,1,19,1,Bajo (1-2)
18.0,Femenino,4,10,0,20.9,1,3.8,0,3.76,86.6,4,13,1,Medio (3-4)
21.0,Masculino,4,7,1,5.5,0,10.6,1,2.01,70.7,1,14,1,Medio (3-4)
21.0,Femenino,2,5,1,18.3,1,7.3,1,2.97,70.6,2,15,1,Bajo (1-2)
21.0,Masculino,3,4,0,17.0,1,8.4,1,3.17,89.9,3,19,0,Medio (3-4)
21.0,Femenino,3,5,0,13.2,0,4.5,0,2.77,92.2,1,15,0,Medio (3-4)
17.0,Masculino,3,1,0,18.7,1,12.6,1,4.18,71.7,0,16,0,Medio (3-4)
19.0,Masculino,1,6,0,18.8,1,7.8,1,3.76,94.9,1,14,0,Bajo (1-2)
20.0,Femenino,3,3,1,9.8,0,1.9,0,2.48,55.8,0,15,0,Medio (3-4)
20.0,Masculino,1,3,1,0.0,1,5.6,0,2.49,78.9,1,16,0,Bajo (1-2)
21.0,Masculino,2,6,0,8.1,0,3.8,1,3.53,81.0,1,14,0,Bajo (1-2)
24.0,Masculino,2,10,0,22.3,0,0.0,1,3.28,80.0,0,13,0,Bajo (1-2)
22.0,Masculino,6,3,0,6.5,0,13.1,0,3.32,78.3,1,13,0,Alto (5-6)
18.0,Masculino,2,10,1,13.4,0,2.7,1,3.9,70.5,1,16,1,Bajo (1-2)
22.0,Femenino,3,6,1,12.6,0,3.6,0,3.78,79.5,1,13,1,Medio (3-4)
22.0,Femenino,2,10,0,9.6,0,1.2,0,3.12,78.6,0,12,0,Bajo (1-2)
19.0,Femenino,5,4,1,0.0,0,4.0,0,3.23,84.4,4,20,1,Alto (5-6)
22.0,Masculino,3,10,0,10.6,0,6.1,0,2.82,93.9,0,21,0,Medio (3-4)
20.0,Masculino,5,7,0,26.5,0,8.2,0,5.0,79.3,1,17,0,Alto (5-6)
17.0,Femenino,2,7,1,3.9,0,8.2,0,2.9,66.8,2,18,1,Bajo (1-2)
22.0,Femenino,1,6,1,4.5,1,9.5,0,3.38,63.6,2,13,1,Bajo (1-2)
21.0,Masculino,3,5,0,8.0,1,1.8,0,2.78,95.0,2,12,1,Medio (3-4)
20.0,Femenino,2,6,1,16.5,0,9.7,0,3.59,90.7,1,12,1,Bajo (1-2)
20.0,Masculino,4,9,1,8.3,0,12.8,1,3.25,87.9,0,13,0,Medio (3-4)
19.0,Femenino,5,8,0,10.2,0,3.5,0,2.6,78.6,0,13,0,Alto (5-6)
22.0,Masculino,3,1,1,21.1,0,4.7,0,3.07,83.2,1,19,0,Medio (3-4)
20.0,Femenino,6,7,0,17.5,0,16.8,0,3.28,91.0,3,19,0,Alto (5-6)
21.0,Femenino,3,9,0,8.5,1,12.0,0,3.53,71.8,0,19,1,Medio (3-4)
21.0,Masculino,2,8,0,6.7,1,37.0,0,1.98,78.3,2,14,0,Bajo (1-2)
18.0,Masculino,3,5,1,15.7,0,13.4,1,3.13,67.9,0,15,1,Medio (3-4)
19.0,Femenino,1,4,1,10.3,1,0.1,0,3.72,73.7,3,15,0,Bajo (1-2)
17.0,Femenino,4,7,1,0.0,0,1.5,0,1.98,90.4,1,13,1,Medio (3-4)
22.0,Masculino,1,7,0,3.3,1,12.2,0,3.38,88.8,1,16,1,Bajo (1-2)
18.0,Masculino,2,4,0,7.3,1,0.8,0,2.36,79.4,0,17,0,Bajo (1-2)
21.0,Femenino,3,5,1,0.9,0,1.2,1,2.18,52.1,1,14,1,Medio (3-4)
21.0,Femenino,1,4,1,1.0,1,3.7,1,2.57,72.4,2,14,0,Bajo (1-2)
22.0,Masculino,1,1,0,7.4,1,10.2,0,3.87,79.0,1,16,0,Bajo (1-2)
18.0,Masculino,4,1,0,8.5,0,11.7,0,2.66,75.8,1,12,1,Medio (3-4)
20.0,Masculino,1,1,1,8.1,0,3.9,0,2.1,75.3,1,17,1,Bajo (1-2)
24.0,Masculino,3,5,1,19.8,1,3.9,0,2.79,77.4,1,15,0,Medio (3-4)
24.0,Femenino,2,6,0,12.4,0,0.2,0,3.62,72.7,0,19,1,Bajo (1-2)
23.0,Masculino,2,5,1,8.0,0,13.9,0,2.28,74.9,1,19,1,Bajo (1-2)
21.0,Masculino,2,10,1,12.9,1,1.0,0,3.78,73.5,0,15,0,Bajo (1-2)
18.0,Masculino,4,3,0,12.6,0,8.1,0,3.2,71.0,0,15,0,Medio (3-4)
22.0,Femenino,6,4,0,16.4,0,3.5,1,3.32,100.0,1,17,0,Alto (5-6)
20.0,Femenino,2,3,1,11.3,1,16.9,0,3.26,70.2,0,12,1,Bajo (1-2)
22.0,Masculino,6,3,0,14.7,0,2.1,0,2.86,55.5,2,13,0,Alto (5-6)
19.0,Femenino,3,6,0,30.6,0,15.0,1,4.05,99.8,0,13,0,Medio (3-4)
20.0,Masculino,3,4,0,19.5,1,2.9,0,2.88,69.5,3,14,0,Medio (3-4)
21.0,Femenino,4,4,0,7.5,0,16.5,0,3.61,87.0,2,17,1,Medio (3-4)
21.0,Masculino,4,7,1,12.8,1,5.0,0,2.66,68.2,3,14,1,Medio (3-4)
22.0,Masculino,4,9,1,8.1,1,3.7,0,3.18,80.7,1,17,0,Medio (3-4)
19.0,Femenino,3,3,0,16.7,0,0.1,1,2.83,81.5,1,18,0,Medio (3-4)
18.0,Femenino,3,2,0,5.7,0,2.9,0,2.59,88.0,1,18,0,Medio (3-4)
24.0,Masculino,2,3,1,2.6,1,1.0,0,2.53,72.9,0,17,1,Bajo (1-2)
26.0,Masculino,1,6,1,19.0,1,9.9,1,4.94,72.4,0,17,0,Bajo (1-2)
21.0,Femenino,4,10,0,20.0,0,8.9,0,3.49,80.6,0,16,0,Medio (3-4)
18.0,Masculino,1,2,1,11.2,0,5.3,1,2.69,75.2,2,16,1,Bajo (1-2)
19.0,Masculino,2,1,1,15.7,0,2.3,0,3.09,55.7,3,19,0,Bajo (1-2)
22.0,Femenino,1,6,1,10.3,1,1.9,0,2.31,69.0,2,16,1,Bajo (1-2)
23.0,Femenino,2,10,1,9.8,1,38.6,1,2.96,100.0,0,15,1,Bajo (1-2)
18.0,Femenino,3,6,1,8.3,0,15.3,0,3.9,56.8,1,21,1,Medio (3-4)
20.0,Femenino,3,10,0,18.9,1,11.6,0,3.62,80.4,1,21,0,Medio (3-4)
21.0,Femenino,3,7,1,18.7,0,3.2,0,3.89,72.6,0,20,0,Medio (3-4)
22.0,Femenino,1,1,0,13.6,0,2.8,1,2.76,100.0,1,20,0,Bajo (1-2)
20.0,Masculino,3,5,0,13.3,0,4.0,1,3.1,70.9,3,15,1,Medio (3-4)
17.0,Femenino,3,8,1,21.2,0,24.9,0,3.66,76.0,4,21,1,Medio (3-4)
22.0,Masculino,4,6,0,13.9,0,7.3,0,2.86,84.9,0,18,0,Medio (3-4)
23.0,Femenino,3,2,0,14.5,0,3.4,0,3.45,76.2,1,20,1,Medio (3-4)
20.0,Femenino,3,2,1,10.4,1,0.5,0,3.38,67.3,1,12,0,Medio (3-4)
21.0,Masculino,3,7,1,8.0,1,14.5,0,3.23,74.8,3,13,1,Medio (3-4)
19.0,Masculino,6,5,0,9.1,0,10.4,1,2.93,78.9,0,12,1,Alto (5-6)
19.0,Femenino,4,6,1,14.9,0,9.3,0,3.82,71.9,0,21,0,Medio (3-4)
23.0,Femenino,3,4,1,9.4,1,4.2,0,2.9,84.3,1,15,1,Medio (3-4)
21.0,Femenino,3,4,1,21.1,0,4.5,0,3.38,79.0,1,12,1,Medio (3-4)
22.0,Masculino,1,7,1,15.7,1,5.5,0,4.03,80.5,3,19,0,Bajo (1-2)
24.0,Femenino,5,1,0,10.4,0,16.3,0,2.52,81.3,2,19,0,Alto (5-6)
18.0,Femenino,2,5,0,18.4,0,0.2,0,2.58,87.6,2,21,0,Bajo (1-2)
19.0,Femenino,2,4,1,10.8,1,1.6,0,2.65,88.0,1,17,0,Bajo (1-2)
21.0,Femenino,6,8,0,21.9,0,18.0,0,3.78,75.1,2,18,0,Alto (5-6)
19.0,Masculino,4,8,1,6.7,0,3.4,0,3.55,83.2,1,18,0,Medio (3-4)
22.0,Masculino,1,5,1,5.9,0,2.5,0,2.54,62.0,2,19,0,Bajo (1-2)
20.0,Femenino,1,3,0,13.4,1,6.0,1,4.11,59.5,0,17,1,Bajo (1-2)
18.0,Femenino,1,3,0,14.4,1,0.7,0,3.26,96.3,0,12,0,Bajo (1-2)
21.0,Femenino,3,3,1,6.6,0,5.7,0,2.84,71.7,0,13,0,Medio (3-4)
21.0,Femenino,1,3,0,17.5,0,7.1,1,2.96,84.5,0,21,0,Bajo (1-2)
23.0,Masculino,5,8,1,10.9,0,6.4,0,4.07,62.7,0,12,1,Alto (5-6)
21.0,Masculino,5,1,0,21.7,0,2.6,0,3.5,65.3,2,12,0,Alto (5-6)
22.0,Masculino,3,1,1,11.7,0,7.5,1,2.46,71.9,2,20,0,Medio (3-4)
21.0,Masculino,3,6,1,4.8,0,15.6,0,4.04,81.4,0,21,1,Medio (3-4)
20.0,Masculino,2,3,1,14.0,0,23.8,1,3.43,73.8,0,16,1,Bajo (1-2)
19.0,Masculino,1,9,1,2.4,0,0.0,0,3.11,71.6,2,13,1,Bajo (1-2)
21.0,Femenino,4,8,1,16.6,1,8.8,0,4.19,67.6,0,17,0,Medio (3-4)
20.0,Femenino,1,8,1,15.5,0,14.8,0,3.6,86.7,0,12,1,Bajo (1-2)
24.0,Femenino,1,5,1,16.9,0,0.8,0,3.85,83.7,1,15,0,Bajo (1-2)
23.0,Masculino,2,5,0,16.3,0,11.1,0,3.36,73.2,2,17,0,Bajo (1-2)
22.0,Femenino,1,5,1,7.4,0,19.3,0,3.3,81.8,0,20,0,Bajo (1-2)
21.0,Masculino,3,2,0,14.7,0,2.4,0,3.24,75.5,1,13,1,Medio (3-4)
20.0,Masculino,4,6,0,16.3,0,11.7,0,3.32,74.6,2,18,1,Medio (3-4)
18.0,Masculino,4,9,1,5.1,0,30.9,0,2.89,74.5,0,12,1,Medio (3-4)
20.0,Femenino,3,3,0,22.0,0,3.4,0,3.39,84.4,3,16,0,Medio (3-4)
21.0,Femenino,4,1,0,17.5,0,0.7,0,3.64,69.1,2,18,0,Medio (3-4)
21.0,Femenino,3,6,1,4.9,1,6.0,0,3.07,80.0,0,12,0,Medio (3-4)
22.0,Masculino,4,4,1,18.2,0,14.3,1,3.83,100.0,3,19,0,Medio (3-4)
23.0,Masculino,3,8,0,14.6,0,0.9,0,3.58,79.8,1,21,0,Medio (3-4)
19.0,Masculino,2,9,0,7.4,1,13.7,0,3.93,78.4,1,14,0,Bajo (1-2)
19.0,Femenino,5,10,0,9.0,0,29.2,1,3.53,81.2,0,19,0,Alto (5-6)
24.0,Femenino,2,4,1,19.2,0,38.9,1,3.36,83.8,0,17,0,Bajo (1-2)
22.0,Femenino,1,10,0,24.9,1,20.0,0,3.95,61.9,0,21,0,Bajo (1-2)
20.0,Masculino,2,2,0,20.1,0,16.0,0,4.21,95.0,0,17,1,Bajo (1-2)
20.0,Masculino,3,4,1,20.2,1,1.6,1,3.03,88.8,6,20,0,Medio (3-4)
20.0,Femenino,3,3,1,19.6,0,10.2,0,4.49,68.6,0,13,0,Medio (3-4)
21.0,Masculino,3,10,0,17.3,1,1.9,0,2.99,78.3,3,14,1,Medio (3-4)
22.0,Femenino,5,7,1,12.2,1,8.9,0,3.6,69.4,0,16,1,Alto (5-6)
26.0,Masculino,2,4,1,13.9,0,2.9,0,3.23,78.0,1,21,1,Bajo (1-2)
21.0,Femenino,3,2,1,17.3,0,2.0,1,3.35,79.6,1,18,0,Medio (3-4)
22.0,Femenino,2,8,1,5.3,1,32.6,0,2.18,77.3,2,14,1,Bajo (1-2)
17.0,Masculino,4,7,1,14.6,0,8.0,0,3.71,64.7,1,20,1,Medio (3-4)
19.0,Femenino,2,9,1,16.4,0,7.3,0,2.69,70.2,6,18,1,Bajo (1-2)
23.0,Femenino,1,5,1,4.7,1,9.5,0,2.09,86.5,2,16,1,Bajo (1-2)
21.0,Femenino,3,2,1,7.2,1,13.0,1,3.5,73.7,0,15,0,Medio (3-4)
17.0,Femenino,4,4,0,16.9,1,2.6,1,4.25,55.6,0,18,0,Medio (3-4)
22.0,Masculino,4,7,0,10.1,1,11.2,0,2.72,76.5,1,20,1,Medio (3-4)
25.0,Masculino,3,3,0,6.1,1,17.6,1,3.38,100.0,1,17,1,Medio (3-4)
17.0,Masculino,4,1,1,17.4,1,2.3,0,3.78,83.5,0,20,0,Medio (3-4)
24.0,Femenino,3,9,1,9.0,1,11.5,0,2.96,69.2,2,19,1,Medio (3-4)
17.0,Masculino,1,6,1,11.0,1,5.3,0,3.76,74.5,1,12,1,Bajo (1-2)
23.0,Femenino,1,4,1,6.7,1,6.5,0,2.82,81.8,1,19,0,Bajo (1-2)
20.0,Femenino,1,6,1,16.1,0,3.4,0,3.58,57.4,0,17,0,Bajo (1-2)
17.0,Femenino,2,8,1,14.1,1,3.8,1,2.61,70.4,0,17,0,Bajo (1-2)
21.0,Masculino,3,1,1,4.9,0,2.3,0,2.22,79.0,0,18,1,Medio (3-4)
23.0,Masculino,3,5,0,6.9,1,1.7,0,3.5,93.9,2,12,0,Medio (3-4)
21.0,Masculino,3,3,0,11.9,1,10.9,1,3.41,77.6,2,21,0,Medio (3-4)
22.0,Femenino,3,1,1,14.0,0,6.1,1,3.16,94.7,1,20,0,Medio (3-4)
20.0,Femenino,4,1,0,15.1,0,0.5,0,4.23,70.5,2,21,0,Medio (3-4)
17.0,Masculino,4,5,1,11.8,0,4.0,0,4.08,41.1,0,18,0,Medio (3-4)
22.0,Masculino,2,6,0,15.3,0,8.3,1,3.51,89.4,0,14,1,Bajo (1-2)
24.0,Femenino,2,6,0,18.6,1,3.6,0,2.71,83.4,2,18,1,Bajo (1-2)
23.0,Femenino,3,8,0,13.7,0,25.9,0,3.16,85.4,0,14,0,Medio (3-4)
17.0,Femenino,3,5,0,16.7,0,14.8,0,2.94,85.0,1,17,0,Medio (3-4)
17.0,Masculino,2,6,1,3.3,0,20.0,0,2.8,76.9,3,20,1,Bajo (1-2)
19.0,Femenino,2,9,1,26.1,0,12.5,0,3.31,72.4,0,13,0,Bajo (1-2)
17.0,Masculino,4,7,0,12.3,0,6.2,1,2.56,79.8,2,16,1,Medio (3-4)
21.0,Femenino,3,10,0,15.2,1,9.0,0,2.15,73.4,4,16,1,Medio (3-4)
21.0,Masculino,2,3,1,12.8,1,9.5,1,3.26,75.0,3,21,1,Bajo (1-2)
17.0,Femenino,3,8,1,5.0,1,4.6,0,1.67,56.9,2,17,1,Medio (3-4)
22.0,Femenino,5,7,0,14.0,0,3.4,0,3.07,65.9,2,15,1,Alto (5-6)
22.0,Femenino,1,6,1,13.5,0,2.4,0,3.56,73.4,1,15,0,Bajo (1-2)
19.0,Femenino,5,1,0,8.5,1,16.5,0,2.62,55.6,3,15,0,Alto (5-6)
20.0,Masculino,2,6,0,16.6,1,4.1,0,2.81,57.9,1,13,0,Bajo (1-2)
17.0,Femenino,3,9,1,0.0,0,3.5,1,2.57,75.7,0,19,1,Medio (3-4)
20.0,Masculino,3,7,0,24.5,1,9.3,0,3.29,76.7,1,19,0,Medio (3-4)
21.0,Femenino,1,1,1,10.0,0,1.3,0,3.14,71.9,4,13,0,Bajo (1-2)
21.0,Femenino,5,3,1,16.3,0,3.8,0,2.82,51.2,2,16,1,Alto (5-6)
21.0,Masculino,3,6,0,3.6,1,8.6,0,2.71,93.5,2,19,1,Medio (3-4)
21.0,Femenino,6,9,0,9.2,1,17.9,0,2.84,63.6,0,19,1,Alto (5-6)
20.0,Masculino,2,5,1,20.4,1,0.1,0,3.51,66.8,2,12,0,Bajo (1-2)
21.0,Masculino,5,9,1,35.8,0,12.9,0,5.0,62.4,3,12,1,Alto (5-6)
23.0,Masculino,5,8,1,15.9,0,2.8,1,3.42,92.0,0,12,0,Alto (5-6)
20.0,Femenino,3,3,0,20.2,1,18.0,1,3.76,86.2,0,17,0,Medio (3-4)
21.0,Femenino,2,2,1,13.9,1,2.2,0,2.91,70.3,3,21,1,Bajo (1-2)
20.0,Masculino,4,10,0,8.9,0,9.9,0,3.11,72.6,1,12,1,Medio (3-4)
19.0,Femenino,3,6,0,20.0,0,10.5,0,3.36,79.8,1,19,0,Medio (3-4)
22.0,Femenino,5,9,0,7.4,0,10.2,0,2.95,65.5,2,19,0,Alto (5-6)
19.0,Femenino,3,10,0,6.7,1,9.6,1,3.23,85.8,1,21,0,Medio (3-4)
21.0,Masculino,2,5,0,6.4,1,12.9,0,2.64,72.5,2,17,1,Bajo (1-2)
21.0,Masculino,2,1,1,16.1,0,14.1,1,3.12,84.2,2,21,1,Bajo (1-2)
20.0,Masculino,4,10,0,13.7,0,10.6,0,2.97,82.9,2,16,1,Medio (3-4)
20.0,Masculino,6,6,1,11.0,0,7.1,1,2.84,73.1,1,14,0,Alto (5-6)
19.0,Femenino,1,2,0,13.9,1,4.1,1,3.31,61.5,1,21,0,Bajo (1-2)
17.0,Masculino,4,6,0,7.2,0,5.1,1,2.74,79.5,2,17,0,Medio (3-4)
21.0,Femenino,5,1,0,10.0,0,0.5,1,3.8,67.5,1,15,1,Alto (5-6)
21.0,Masculino,1,3,1,6.3,1,3.5,0,4.22,75.8,1,18,0,Bajo (1-2)
22.0,Femenino,1,4,1,1.1,0,7.9,0,2.36,72.4,2,16,1,Bajo (1-2)
19.0,Masculino,4,5,0,11.0,1,9.3,0,3.24,72.1,1,19,0,Medio (3-4)
25.0,Femenino,3,6,1,2.0,0,15.8,1,3.21,66.0,3,19,1,Medio (3-4)
20.0,Femenino,1,9,0,17.5,0,1.1,1,3.25,93.9,0,12,0,Bajo (1-2)
19.0,Femenino,4,4,0,18.0,0,18.7,0,2.91,73.5,0,17,1,Medio (3-4)
18.0,Femenino,3,8,0,6.2,1,4.6,1,3.75,100.0,0,20,0,Medio (3-4)
17.0,Femenino,5,10,0,12.2,0,3.5,0,3.49,78.3,1,18,0,Alto (5-6)
24.0,Masculino,5,8,1,23.1,0,7.8,0,3.8,78.5,0,19,0,Alto (5-6)
24.0,Femenino,4,3,0,8.1,0,27.3,0,3.69,78.4,0,21,0,Medio (3-4)
22.0,Masculino,3,7,0,16.6,0,4.3,0,3.73,81.4,2,15,0,Medio (3-4)
19.0,Femenino,2,3,1,8.7,0,9.1,0,2.97,85.9,1,18,1,Bajo (1-2)
24.0,Masculino,3,5,0,20.6,0,21.7,1,3.04,93.0,1,12,0,Medio (3-4)
20.0,Femenino,1,7,1,12.0,0,0.4,0,2.89,57.3,1,13,1,Bajo (1-2)
20.0,Masculino,4,3,1,8.4,0,5.4,0,3.58,83.6,3,18,1,Medio (3-4)
24.0,Masculino,2,1,0,14.4,1,4.7,0,3.59,83.0,1,14,1,Bajo (1-2)
22.0,Femenino,3,9,0,14.5,0,11.0,0,3.16,78.4,2,19,1,Medio (3-4)
25.0,Masculino,1,8,1,8.5,1,17.9,0,3.86,92.1,0,20,0,Bajo (1-2)
21.0,Femenino,2,2,0,6.1,1,8.2,1,2.8,99.5,1,20,0,Bajo (1-2)
20.0,Femenino,2,4,1,17.6,0,32.8,0,3.89,84.0,1,12,0,Bajo (1-2)
19.0,Masculino,3,3,0,20.4,1,24.3,1,3.63,76.6,0,15,0,Medio (3-4)
17.0,Masculino,4,10,1,5.1,0,8.7,1,3.8,67.1,1,17,0,Medio (3-4)
20.0,Femenino,1,10,1,3.2,1,5.9,1,3.12,86.5,2,12,0,Bajo (1-2)
23.0,Femenino,5,7,1,7.1,1,2.7,0,2.94,88.6,2,21,1,Alto (5-6)
22.0,Masculino,5,5,1,5.3,1,0.2,0,2.75,54.7,0,21,1,Alto (5-6)
21.0,Masculino,2,1,0,2.8,0,7.5,1,2.72,92.9,0,19,1,Bajo (1-2)
18.0,Masculino,4,3,1,4.4,1,16.9,0,2.44,72.5,1,14,0,Medio (3-4)
21.0,Masculino,3,1,1,8.6,1,1.4,0,2.3,56.9,2,13,0,Medio (3-4)
23.0,Masculino,2,8,1,4.3,1,5.5,0,2.95,79.7,1,20,0,Bajo (1-2)
21.0,Femenino,3,1,0,15.1,0,0.6,0,3.01,87.1,2,19,0,Medio (3-4)
21.0,Masculino,1,7,0,21.0,1,16.5,0,3.28,74.5,5,21,0,Bajo (1-2)
19.0,Femenino,5,10,0,19.1,0,12.4,1,3.41,71.4,1,15,1,Alto (5-6)
22.0,Masculino,5,4,1,12.1,0,0.7,0,3.17,92.1,0,13,0,Alto (5-6)
17.0,Femenino,4,7,1,0.0,1,0.0,0,2.6,68.3,4,21,1,Medio (3-4)
21.0,Masculino,3,9,0,18.3,1,2.1,1,4.29,93.6,0,13,0,Medio (3-4)
26.0,Masculino,3,5,1,12.3,1,19.8,0,3.48,59.9,0,17,0,Medio (3-4)
17.0,Femenino,6,5,1,13.5,0,26.0,0,4.26,79.2,1,16,1,Alto (5-6)
20.0,Masculino,2,3,1,24.6,0,3.7,1,3.49,82.9,1,17,1,Bajo (1-2)
20.0,Femenino,1,5,1,4.1,1,10.9,1,3.18,87.7,1,16,0,Bajo (1-2)
19.0,Masculino,3,9,0,0.0,0,12.4,0,2.41,92.9,0,12,0,Medio (3-4)
23.0,Femenino,2,7,0,7.7,1,6.7,0,2.67,69.9,0,18,1,Bajo (1-2)
22.0,Femenino,2,3,0,16.9,1,2.9,0,4.43,83.2,1,14,0,Bajo (1-2)
21.0,Femenino,1,6,0,14.2,0,1.7,1,2.85,68.3,0,13,0,Bajo (1-2)
22.0,Femenino,3,8,0,6.7,1,6.9,1,1.79,68.2,3,16,0,Medio (3-4)
21.0,Femenino,2,1,1,5.5,0,5.8,0,2.49,69.2,4,14,1,Bajo (1-2)
27.0,Masculino,2,8,1,7.1,1,1.5,1,1.92,83.1,0,19,0,Bajo (1-2)
21.0,Masculino,1,3,0,6.5,1,19.3,0,2.42,94.8,2,15,0,Bajo (1-2)
21.0,Masculino,3,3,0,17.1,0,0.4,0,2.94,96.6,1,17,1,Medio (3-4)
17.0,Femenino,5,5,0,11.5,0,0.2,0,3.14,74.5,1,16,1,Alto (5-6)
19.0,Femenino,2,6,1,6.2,0,1.1,0,1.85,78.1,2,20,1,Bajo (1-2)
23.0,Femenino,4,10,0,9.5,0,13.4,1,3.62,91.4,5,13,0,Medio (3-4)
18.0,Masculino,4,3,0,15.6,1,1.3,0,2.36,85.7,1,12,0,Medio (3-4)
17.0,Masculino,2,3,1,7.0,0,0.8,1,2.85,77.3,0,20,1,Bajo (1-2)
21.0,Femenino,4,4,0,15.2,0,0.1,0,3.12,78.8,1,15,0,Medio (3-4)
24.0,Masculino,4,9,0,15.1,0,0.1,1,3.69,80.9,1,19,0,Medio (3-4)
21.0,Femenino,3,10,0,13.6,1,5.0,0,3.39,75.9,0,17,0,Medio (3-4)
20.0,Femenino,1,5,1,3.7,1,2.7,1,3.36,75.6,0,19,0,Bajo (1-2)
17.0,Femenino,1,7,0,9.6,0,19.0,0,2.85,76.8,0,18,0,Bajo (1-2)
21.0,Femenino,6,10,0,11.6,0,2.6,1,2.89,77.9,0,14,1,Alto (5-6)
22.0,Masculino,4,9,1,24.2,0,5.2,0,3.89,63.6,1,17,0,Medio (3-4)
17.0,Masculino,5,7,1,1.9,0,19.6,0,3.2,83.6,2,15,0,Alto (5-6)
23.0,Femenino,5,6,0,11.5,0,6.6,1,3.53,87.2,1,15,0,Alto (5-6)
22.0,Masculino,1,10,1,10.0,1,9.9,0,3.21,93.8,0,17,0,Bajo (1-2)
23.0,Masculino,4,3,0,12.2,0,26.0,1,3.26,85.7,2,12,0,Medio (3-4)
22.0,Masculino,3,4,1,19.9,0,8.5,0,3.48,70.8,1,12,0,Medio (3-4)
22.0,Masculino,4,8,0,12.1,0,2.4,0,3.35,71.7,0,18,1,Medio (3-4)
22.0,Femenino,1,1,1,4.4,1,1.2,1,3.82,79.5,0,12,0,Bajo (1-2)
22.0,Masculino,2,6,1,14.3,0,0.5,1,3.12,84.5,2,21,0,Bajo (1-2)
17.0,Femenino,4,9,0,24.9,0,0.9,0,3.54,75.6,0,18,0,Medio (3-4)
17.0,Masculino,4,2,0,22.4,1,9.8,0,3.39,63.3,0,20,0,Medio (3-4)
19.0,Femenino,3,9,0,13.2,0,5.0,1,3.39,74.6,0,16,0,Medio (3-4)
20.0,Masculino,2,5,0,13.7,1,1.1,0,2.16,78.2,3,19,1,Bajo (1-2)
21.0,Femenino,2,9,1,12.2,1,3.1,1,3.08,86.4,0,13,1,Bajo (1-2)
21.0,Femenino,6,7,0,14.9,1,5.5,0,3.71,63.1,0,18,0,Alto (5-6)
23.0,Masculino,3,2,0,8.9,0,4.4,0,2.74,80.7,3,15,1,Medio (3-4)
23.0,Masculino,3,8,1,18.8,0,6.5,1,3.54,81.2,2,19,0,Medio (3-4)
19.0,Femenino,3,1,1,9.2,1,0.7,0,4.07,70.5,1,15,0,Medio (3-4)
21.0,Masculino,3,3,0,13.7,0,28.7,0,3.38,72.1,2,19,0,Medio (3-4)
19.0,Masculino,3,9,1,1.3,0,15.7,0,1.54,67.6,4,20,1,Medio (3-4)
20.0,Femenino,3,9,0,14.4,0,8.8,1,2.54,83.4,3,12,1,Medio (3-4)
21.0,Masculino,4,1,1,0.0,0,13.3,0,2.47,86.3,2,12,1,Medio (3-4)
17.0,Femenino,5,4,0,10.5,0,35.9,1,2.67,94.0,0,15,0,Alto (5-6)
26.0,Masculino,5,1,1,6.4,1,4.6,0,2.94,63.8,0,17,0,Alto (5-6)
22.0,Femenino,3,3,0,15.7,1,0.5,0,3.16,76.1,3,20,0,Medio (3-4)
19.0,Femenino,3,10,1,18.9,0,5.2,0,4.03,53.1,2,16,0,Medio (3-4)
25.0,Masculino,4,2,1,9.7,1,6.0,0,2.49,76.1,1,20,0,Medio (3-4)
20.0,Masculino,4,7,0,22.7,1,12.7,0,3.52,84.0,1,19,0,Medio (3-4)
21.0,Masculino,3,9,0,17.9,0,0.4,0,3.51,93.7,1,19,0,Medio (3-4)
19.0,Masculino,4,9,0,20.8,1,22.1,0,3.7,60.1,3,21,0,Medio (3-4)
24.0,Masculino,4,4,0,25.1,0,11.2,1,3.8,71.1,0,15,0,Medio (3-4)
20.0,Masculino,4,7,1,4.7,0,13.2,0,1.61,76.4,2,18,1,Medio (3-4)
21.0,Masculino,4,5,1,8.7,0,7.0,0,3.03,58.8,0,19,0,Medio (3-4)
23.0,Femenino,2,2,1,17.5,0,1.8,0,3.31,76.7,2,21,0,Bajo (1-2)
22.0,Femenino,3,3,0,14.0,0,3.7,0,3.66,84.2,0,14,0,Medio (3-4)
20.0,Femenino,3,8,1,12.4,1,1.2,1,3.52,66.2,2,19,0,Medio (3-4)
23.0,Masculino,1,7,1,11.5,0,10.7,1,3.24,80.3,0,14,1,Bajo (1-2)
26.0,Femenino,5,6,0,10.4,0,7.2,1,3.23,69.9,0,21,0,Alto (5-6)
21.0,Femenino,3,8,0,23.7,0,8.5,0,4.34,91.8,1,17,0,Medio (3-4)
21.0,Masculino,2,7,0,7.4,1,6.4,0,3.51,80.1,1,20,0,Bajo (1-2)
21.0,Femenino,4,4,0,18.1,1,22.7,1,3.55,75.6,2,17,0,Medio (3-4)
23.0,Femenino,4,3,0,17.1,0,9.8,1,4.44,69.6,1,12,1,Medio (3-4)
19.0,Masculino,4,10,1,4.0,1,27.7,0,2.47,78.9,3,15,1,Medio (3-4)
20.0,Masculino,3,10,0,9.0,0,0.2,0,2.41,91.6,2,18,0,Medio (3-4)
17.0,Femenino,5,1,0,10.0,0,9.3,1,3.05,74.3,1,18,0,Alto (5-6)
18.0,Femenino,3,8,1,14.1,0,0.0,1,3.05,74.6,0,17,1,Medio (3-4)
19.0,Femenino,3,2,0,11.8,0,2.9,0,1.9,70.5,1,19,1,Medio (3-4)
20.0,Masculino,1,9,1,6.6,0,11.7,0,2.57,90.6,1,17,0,Bajo (1-2)
24.0,Masculino,3,6,1,0.1,1,25.6,1,2.77,59.9,0,13,1,Medio (3-4)
22.0,Femenino,4,7,1,21.7,1,13.9,1,3.55,91.9,0,12,0,Medio (3-4)
18.0,Masculino,3,8,0,14.4,1,45.7,0,2.86,74.2,3,14,0,Medio (3-4)
19.0,Femenino,3,7,0,17.0,1,12.1,0,3.39,77.3,4,13,1,Medio (3-4)
24.0,Femenino,4,3,1,6.0,0,19.8,0,2.93,71.6,1,18,1,Medio (3-4)
23.0,Masculino,4,9,0,10.1,0,11.1,1,3.41,84.4,1,21,1,Medio (3-4)
21.0,Femenino,2,6,1,21.7,0,35.9,1,3.25,71.7,3,21,1,Bajo (1-2)
20.0,Femenino,6,6,0,2.5,0,22.8,0,3.15,88.6,4,17,0,Alto (5-6)
23.0,Femenino,4,4,1,10.9,1,10.4,0,2.54,86.0,5,20,1,Medio (3-4)
18.0,Masculino,6,1,0,6.7,0,9.8,1,2.65,72.2,1,18,0,Alto (5-6)
21.0,Masculino,6,6,0,11.6,0,3.3,0,3.97,84.7,2,13,0,Alto (5-6)
25.0,Masculino,5,4,0,10.2,0,6.2,0,2.55,74.4,2,17,1,Alto (5-6)
21.0,Femenino,4,7,0,8.1,1,3.5,0,2.63,78.5,2,17,0,Medio (3-4)
19.0,Femenino,3,4,0,14.2,0,2.4,0,2.61,93.3,3,17,0,Medio (3-4)
21.0,Masculino,2,10,1,0.0,1,8.9,1,2.19,72.3,3,20,1,Bajo (1-2)
19.0,Femenino,3,7,0,12.1,0,1.6,0,3.21,87.3,1,21,0,Medio (3-4)
17.0,Masculino,4,5,0,13.5,0,13.7,1,3.56,86.6,1,14,0,Medio (3-4)
22.0,Masculino,3,8,1,0.7,0,14.5,0,2.62,73.1,0,12,1,Medio (3-4)
23.0,Femenino,5,7,0,23.1,1,6.9,0,3.48,81.7,0,18,0,Alto (5-6)
20.0,Masculino,1,7,1,7.6,1,0.6,1,2.32,81.5,3,13,1,Bajo (1-2)
20.0,Femenino,3,6,1,8.9,0,19.8,0,2.64,63.4,4,16,1,Medio (3-4)
18.0,Femenino,3,10,1,7.6,0,0.3,1,2.17,72.9,2,21,0,Medio (3-4)
20.0,Masculino,3,4,1,6.5,0,7.6,0,3.26,64.5,1,18,0,Medio (3-4)
19.0,Femenino,1,5,1,17.2,0,1.4,1,3.78,76.2,2,21,0,Bajo (1-2)
18.0,Masculino,2,3,1,24.8,0,0.6,0,3.7,88.5,0,12,1,Bajo (1-2)
25.0,Masculino,4,6,1,16.3,0,6.6,0,3.56,80.8,1,19,0,Medio (3-4)
22.0,Masculino,3,10,0,20.5,1,1.0,0,3.96,63.7,1,15,0,Medio (3-4)
22.0,Masculino,1,7,0,24.3,1,22.3,0,3.74,75.3,2,12,0,Bajo (1-2)
22.0,Femenino,1,3,1,12.8,1,27.4,0,3.87,77.3,1,15,1,Bajo (1-2)
22.0,Femenino,3,10,1,17.9,1,17.7,0,2.89,82.4,0,21,0,Medio (3-4)
20.0,Masculino,2,8,1,14.0,1,10.8,0,3.05,68.5,3,16,1,Bajo (1-2)
21.0,Masculino,4,5,0,14.9,1,1.2,0,3.04,65.6,0,21,0,Medio (3-4)
20.0,Femenino,4,2,0,16.1,0,27.8,1,3.65,81.4,1,13,1,Medio (3-4)
21.0,Femenino,2,5,0,3.1,0,2.3,0,2.02,83.7,1,18,1,Bajo (1-2)
21.0,Femenino,3,9,0,15.8,0,3.0,0,4.03,80.3,2,16,0,Medio (3-4)
20.0,Femenino,2,6,1,0.4,1,8.4,1,2.9,70.2,2,14,0,Bajo (1-2)
18.0,Masculino,2,2,1,3.9,0,5.2,0,3.65,92.5,2,17,1,Bajo (1-2)
21.0,Femenino,5,2,0,15.2,0,14.1,0,3.26,77.0,1,18,0,Alto (5-6)
20.0,Masculino,3,10,0,7.3,0,12.1,0,2.65,79.9,0,12,0,Medio (3-4)
17.0,Masculino,5,5,1,9.4,0,10.9,0,3.35,68.4,3,18,0,Alto (5-6)
22.0,Masculino,2,7,0,14.8,1,27.6,0,3.78,89.1,0,15,1,Bajo (1-2)
23.0,Femenino,2,4,0,15.1,1,15.8,1,2.92,87.7,0,20,0,Bajo (1-2)
26.0,Femenino,3,1,1,8.4,0,2.5,0,1.98,78.1,3,13,1,Medio (3-4)
20.0,Masculino,3,5,0,19.4,1,19.8,1,2.56,70.5,0,14,0,Medio (3-4)
19.0,Masculino,6,7,0,13.5,0,14.4,1,3.34,92.9,0,21,0,Alto (5-6)
18.0,Femenino,1,4,0,16.6,1,0.8,1,4.12,89.6,1,14,0,Bajo (1-2)
21.0,Masculino,5,7,0,6.8,0,23.4,0,2.26,88.1,2,13,0,Alto (5-6)
21.0,Femenino,5,5,1,7.3,0,6.8,0,2.79,75.4,2,17,1,Alto (5-6)
19.0,Masculino,3,4,1,16.5,1,9.6,1,3.17,78.3,3,18,1,Medio (3-4)
20.0,Femenino,2,3,1,16.3,1,1.3,1,4.29,77.2,1,17,0,Bajo (1-2)
17.0,Femenino,3,3,0,9.2,1,32.0,0,4.14,100.0,1,16,0,Medio (3-4)
23.0,Masculino,2,3,0,10.7,1,3.7,0,3.29,72.6,0,13,1,Bajo (1-2)
19.0,Femenino,4,8,0,8.1,0,7.0,0,3.41,66.1,2,14,0,Medio (3-4)
20.0,Femenino,3,4,0,10.1,0,8.3,0,3.49,74.3,2,12,0,Medio (3-4)
17.0,Femenino,5,8,0,5.6,0,8.0,1,2.21,76.7,4,20,1,Alto (5-6)
19.0,Femenino,3,4,1,7.3,1,2.7,1,3.28,91.6,2,14,0,Medio (3-4)
20.0,Masculino,3,4,1,14.5,1,0.5,0,2.74,61.4,1,18,1,Medio (3-4)
20.0,Femenino,4,10,0,9.3,1,11.1,0,2.93,72.4,2,14,0,Medio (3-4)
22.0,Masculino,3,9,1,11.6,1,1.2,0,3.69,76.9,1,18,1,Medio (3-4)
24.0,Masculino,5,5,1,5.8,0,4.2,1,2.9,91.7,1,12,0,Alto (5-6)
22.0,Femenino,2,3,1,15.4,0,15.0,1,3.84,86.1,2,12,0,Bajo (1-2)
23.0,Femenino,6,8,1,8.3,0,6.5,0,3.62,91.2,1,15,0,Alto (5-6)
24.0,Masculino,4,1,1,5.5,0,2.2,0,1.97,78.5,0,14,1,Medio (3-4)
22.0,Masculino,5,5,0,8.9,1,2.7,1,1.91,80.0,0,15,1,Alto (5-6)
20.0,Masculino,3,6,0,7.2,0,6.9,0,3.5,86.6,2,14,0,Medio (3-4)
23.0,Masculino,4,7,1,14.1,1,10.8,1,3.84,65.3,1,18,0,Medio (3-4)
23.0,Femenino,2,2,1,9.5,1,4.3,0,3.15,57.9,1,16,0,Bajo (1-2)
22.0,Femenino,4,1,1,8.4,0,39.1,0,3.18,84.8,3,13,1,Medio (3-4)
17.0,Masculino,2,3,1,16.6,1,8.9,0,3.79,77.1,0,21,1,Bajo (1-2)
19.0,Femenino,2,2,0,22.0,1,11.9,0,4.03,87.6,0,18,0,Bajo (1-2)
20.0,Masculino,3,6,0,4.1,1,14.1,1,2.63,73.5,2,16,1,Medio (3-4)
22.0,Femenino,2,10,1,13.3,0,12.2,1,3.68,91.8,0,17,0,Bajo (1-2)
20.0,Masculino,3,3,0,15.4,0,1.9,0,3.12,84.7,0,15,0,Medio (3-4)
23.0,Femenino,4,5,0,11.2,0,10.4,0,3.23,77.7,3,15,0,Medio (3-4)
23.0,Femenino,2,3,1,8.8,0,22.2,1,3.1,81.1,1,12,0,Bajo (1-2)
23.0,Femenino,4,1,0,3.6,1,17.8,1,2.33,85.5,0,20,0,Medio (3-4)
23.0,Femenino,1,8,1,20.0,1,0.7,0,3.13,66.4,1,15,1,Bajo (1-2)
18.0,Masculino,4,3,1,14.5,1,2.2,1,4.37,75.1,2,18,1,Medio (3-4)
22.0,Femenino,4,6,0,8.8,0,0.3,0,2.55,81.3,2,12,1,Medio (3-4)
19.0,Femenino,3,7,1,7.2,1,17.3,1,3.11,74.7,0,12,1,Medio (3-4)
17.0,Femenino,4,9,0,3.8,0,3.1,0,3.06,63.3,1,15,0,Medio (3-4)
20.0,Femenino,5,2,1,6.1,0,5.1,0,2.85,77.9,4,12,1,Alto (5-6)
23.0,Masculino,4,6,0,11.1,1,19.6,1,3.44,90.4,0,21,0,Medio (3-4)
22.0,Femenino,3,10,0,6.0,1,4.9,1,3.04,92.7,1,12,0,Medio (3-4)
25.0,Masculino,3,5,0,18.7,1,6.2,1,3.0,87.3,1,17,0,Medio (3-4)
21.0,Femenino,4,1,0,21.7,1,3.0,0,3.84,86.2,0,15,0,Medio (3-4)
26.0,Masculino,2,3,0,13.8,0,14.9,1,2.95,91.9,2,14,0,Bajo (1-2)
21.0,Femenino,4,8,1,7.0,0,14.6,1,3.78,79.8,1,13,0,Medio (3-4)
21.0,Femenino,2,8,1,11.6,0,8.3,0,3.34,53.8,0,14,1,Bajo (1-2)
18.0,Masculino,4,4,0,13.9,0,1.1,0,2.87,89.6,1,12,0,Medio (3-4)
23.0,Masculino,1,2,0,7.5,0,2.7,1,3.11,73.1,2,17,0,Bajo (1-2)
19.0,Masculino,1,3,0,10.1,0,1.2,0,2.59,66.7,1,14,1,Bajo (1-2)
19.0,Femenino,6,3,1,9.6,0,17.7,0,3.16,64.0,1,12,1,Alto (5-6)
23.0,Femenino,5,8,0,15.5,0,9.9,1,3.18,100.0,1,13,1,Alto (5-6)
23.0,Masculino,5,9,0,14.1,1,10.8,0,2.82,82.4,1,20,0,Alto (5-6)
23.0,Femenino,6,1,1,10.6,0,37.9,1,2.66,68.6,2,14,1,Alto (5-6)
20.0,Masculino,3,8,0,4.9,0,9.5,0,4.04,71.2,0,17,0,Medio (3-4)
20.0,Masculino,2,8,0,18.0,1,0.3,0,3.46,78.0,1,16,0,Bajo (1-2)
20.0,Masculino,2,7,1,10.4,1,7.4,1,2.85,84.4,0,16,0,Bajo (1-2)
22.0,Masculino,3,9,0,29.3,0,8.7,1,3.62,84.8,1,20,1,Medio (3-4)
24.0,Masculino,2,1,1,9.8,0,14.9,0,3.28,65.7,0,19,1,Bajo (1-2)
21.0,Femenino,5,7,0,15.9,1,11.7,1,3.0,85.2,1,17,1,Alto (5-6)
25.0,Femenino,1,2,0,31.0,1,2.4,1,3.45,75.9,3,14,1,Bajo (1-2)
22.0,Masculino,2,9,1,14.2,0,4.3,1,3.22,89.5,1,20,0,Bajo (1-2)
20.0,Femenino,2,5,1,10.1,0,1.0,0,3.03,75.6,1,12,0,Bajo (1-2)
22.0,Femenino,2,1,1,4.7,1,0.9,0,2.6,67.4,0,17,1,Bajo (1-2)
24.0,Femenino,2,8,1,19.4,0,6.8,1,3.03,85.9,0,18,0,Bajo (1-2)
25.0,Masculino,4,8,0,7.0,0,4.8,1,2.72,85.8,1,21,0,Medio (3-4)
23.0,Masculino,2,5,1,9.4,1,1.6,0,2.79,70.3,1,13,0,Bajo (1-2)
21.0,Masculino,3,4,1,10.4,0,3.9,0,2.76,82.3,1,14,1,Medio (3-4)
20.0,Femenino,5,1,0,12.9,0,7.1,0,3.32,84.3,0,12,0,Alto (5-6)
22.0,Femenino,3,10,0,5.5,1,3.1,0,3.96,90.0,1,14,0,Medio (3-4)
24.0,Masculino,4,2,0,22.1,0,9.7,0,4.26,85.1,2,21,0,Medio (3-4)
21.0,Femenino,3,9,1,12.4,1,20.9,0,4.13,72.9,0,12,0,Medio (3-4)
21.0,Masculino,2,6,1,0.0,0,33.3,0,2.32,58.1,1,19,1,Bajo (1-2)
21.0,Masculino,2,7,0,21.5,0,0.9,0,4.41,79.9,0,21,0,Bajo (1-2)
20.0,Femenino,6,7,0,11.0,0,24.5,0,3.21,81.4,1,13,1,Alto (5-6)
20.0,Femenino,3,9,1,9.8,1,2.5,1,3.54,79.5,1,15,0,Medio (3-4)
21.0,Femenino,2,1,0,19.0,1,20.1,0,3.69,47.9,2,20,0,Bajo (1-2)
24.0,Masculino,3,10,1,13.6,1,17.2,0,3.04,81.8,0,19,1,Medio (3-4)
20.0,Masculino,4,1,0,0.8,0,20.1,0,3.0,68.9,1,12,1,Medio (3-4)
21.0,Femenino,4,10,0,18.2,1,30.5,0,3.66,84.9,1,20,0,Medio (3-4)
19.0,Masculino,3,3,0,13.4,0,9.4,0,2.32,95.0,1,20,0,Medio (3-4)
22.0,Femenino,5,9,1,9.7,0,1.3,1,2.97,76.5,4,15,1,Alto (5-6)
24.0,Femenino,4,1,1,8.3,0,0.4,0,3.41,79.4,1,16,0,Medio (3-4)
24.0,Masculino,3,5,0,4.3,1,12.2,0,2.93,78.3,1,15,0,Medio (3-4)
21.0,Femenino,2,6,0,15.2,0,6.6,1,3.52,87.3,5,17,0,Bajo (1-2)
22.0,Femenino,1,10,1,1.6,0,0.8,1,2.3,80.0,0,19,1,Bajo (1-2)
20.0,Masculino,6,2,0,12.3,1,3.0,0,3.28,72.8,1,18,0,Alto (5-6)
22.0,Femenino,3,1,1,11.9,0,23.0,0,3.09,66.0,4,21,1,Medio (3-4)
21.0,Masculino,3,7,0,20.4,0,0.4,0,3.42,93.9,2,12,0,Medio (3-4)
21.0,Femenino,3,1,0,9.1,1,17.6,0,2.67,82.4,4,21,1,Medio (3-4)
21.0,Femenino,1,8,1,19.4,0,5.2,0,3.93,83.3,4,21,1,Bajo (1-2)
21.0,Femenino,4,1,0,19.7,0,7.3,0,3.66,82.0,1,15,0,Medio (3-4)
20.0,Femenino,2,10,0,11.4,1,5.6,0,3.24,87.8,1,13,0,Bajo (1-2)
20.0,Femenino,4,6,0,7.3,1,13.0,0,3.96,69.0,1,14,1,Medio (3-4)
24.0,Femenino,3,10,0,5.3,0,17.3,1,3.08,82.8,2,21,1,Medio (3-4)
26.0,Masculino,2,2,0,15.6,0,1.3,0,3.9,83.1,2,12,0,Bajo (1-2)
18.0,Femenino,1,3,1,9.2,0,5.8,0,3.15,87.9,2,12,1,Bajo (1-2)
18.0,Femenino,4,5,1,13.6,0,15.3,1,3.04,100.0,3,12,1,Medio (3-4)
18.0,Femenino,2,1,0,9.9,1,7.9,0,2.52,82.1,1,13,1,Bajo (1-2)
20.0,Femenino,1,2,1,6.2,1,10.1,0,3.0,68.4,1,19,0,Bajo (1-2)
22.0,Femenino,4,4,0,15.4,0,7.9,0,1.96,66.0,0,12,0,Medio (3-4)
22.0,Masculino,3,8,1,5.4,0,4.9,0,2.98,66.0,0,21,0,Medio (3-4)
21.0,Femenino,3,8,1,12.9,1,8.2,0,3.34,67.3,3,15,0,Medio (3-4)
22.0,Masculino,2,1,1,13.2,0,3.2,0,3.08,46.0,2,17,1,Bajo (1-2)
19.0,Masculino,5,1,0,14.7,1,13.6,0,3.22,71.2,2,17,0,Alto (5-6)
20.0,Femenino,2,7,1,7.5,0,14.5,0,2.31,82.2,2,20,1,Bajo (1-2)
20.0,Femenino,2,4,0,15.2,0,1.4,0,3.98,78.8,1,18,1,Bajo (1-2)
17.0,Femenino,2,8,1,0.1,1,9.2,1,2.43,76.4,1,12,0,Bajo (1-2)
18.0,Masculino,2,3,1,9.8,1,1.8,1,2.56,62.8,1,20,1,Bajo (1-2)
18.0,Femenino,2,4,0,15.0,0,11.2,0,3.55,88.5,1,12,0,Bajo (1-2)
22.0,Masculino,1,3,1,14.8,1,4.4,0,3.32,80.1,1,17,1,Bajo (1-2)
21.0,Masculino,2,3,0,17.6,0,38.5,1,3.21,81.9,1,20,1,Bajo (1-2)
22.0,Masculino,3,8,0,12.8,0,7.5,0,2.94,56.0,2,17,1,Medio (3-4)
17.0,Masculino,5,5,1,18.7,0,0.3,0,3.44,70.1,2,16,0,Alto (5-6)
17.0,Masculino,1,7,1,11.2,0,6.1,1,3.78,83.3,0,15,0,Bajo (1-2)
22.0,Femenino,2,1,1,10.3,1,13.9,0,3.3,74.7,2,19,0,Bajo (1-2)
17.0,Femenino,5,6,1,7.4,0,2.0,0,2.91,76.9,0,18,1,Alto (5-6)
23.0,Femenino,5,5,0,16.8,0,5.7,0,3.78,84.9,3,20,1,Alto (5-6)
17.0,Masculino,4,10,0,11.7,0,0.5,0,3.14,79.5,3,21,0,Medio (3-4)
22.0,Masculino,2,5,1,22.7,1,9.2,0,3.82,81.5,0,17,1,Bajo (1-2)
19.0,Masculino,3,2,1,26.8,1,2.4,0,3.88,66.6,0,15,0,Medio (3-4)
23.0,Femenino,2,7,0,19.2,0,0.6,1,3.76,69.8,1,17,0,Bajo (1-2)
28.0,Masculino,2,2,0,23.2,0,15.3,0,3.42,82.8,0,15,0,Bajo (1-2)
17.0,Femenino,3,10,1,0.5,1,30.9,1,2.05,85.8,2,14,1,Medio (3-4)
22.0,Femenino,3,4,1,0.9,0,58.2,0,3.09,80.2,3,15,1,Medio (3-4)
17.0,Masculino,3,8,0,12.1,1,2.0,0,3.9,79.3,1,16,0,Medio (3-4)
21.0,Femenino,3,7,0,14.2,0,15.0,0,2.7,74.8,0,14,0,Medio (3-4)
20.0,Femenino,2,5,1,5.3,1,7.0,0,2.93,77.1,1,15,0,Bajo (1-2)
21.0,Masculino,2,6,0,4.1,0,2.2,0,2.56,81.8,1,17,0,Bajo (1-2)
18.0,Femenino,4,2,0,20.9,0,10.6,0,3.98,82.4,1,13,1,Medio (3-4)
22.0,Femenino,5,1,0,26.9,0,14.8,0,3.93,100.0,0,13,0,Alto (5-6)
17.0,Femenino,2,8,0,21.7,0,13.0,0,5.0,68.8,2,19,0,Bajo (1-2)
23.0,Femenino,3,10,0,20.5,0,1.9,0,3.37,100.0,3,20,0,Medio (3-4)
20.0,Masculino,2,9,1,7.3,1,18.5,0,3.7,62.4,0,15,1,Bajo (1-2)
17.0,Masculino,1,4,0,8.9,0,5.0,0,3.82,81.9,3,13,1,Bajo (1-2)
24.0,Femenino,4,4,0,14.4,0,0.8,0,3.52,66.1,2,16,0,Medio (3-4)
20.0,Femenino,2,4,0,26.6,0,0.0,1,3.82,85.1,1,13,0,Bajo (1-2)
25.0,Femenino,3,8,1,7.4,0,1.6,1,2.98,88.8,2,20,0,Medio (3-4)
23.0,Masculino,3,7,1,9.8,0,5.3,0,3.05,75.3,2,12,0,Medio (3-4)
19.0,Masculino,2,8,1,15.8,0,12.8,0,3.88,84.7,0,17,0,Bajo (1-2)
20.0,Masculino,1,10,0,21.0,1,1.4,0,3.11,73.8,1,15,0,Bajo (1-2)
21.0,Femenino,2,4,1,4.6,1,24.1,0,2.73,54.5,1,16,1,Bajo (1-2)
24.0,Femenino,6,7,1,10.0,0,0.2,0,2.91,81.3,1,19,1,Alto (5-6)
21.0,Femenino,3,6,1,8.0,1,11.9,0,2.1,75.3,1,14,0,Medio (3-4)
21.0,Masculino,3,10,0,14.4,0,25.6,1,3.68,77.2,1,21,1,Medio (3-4)
20.0,Femenino,1,4,0,20.6,0,42.7,1,4.06,77.9,2,21,0,Bajo (1-2)
20.0,Masculino,3,2,1,4.6,1,7.1,0,2.49,79.1,3,16,0,Medio (3-4)
23.0,Masculino,1,4,1,18.3,1,5.8,0,3.94,66.9,0,15,1,Bajo (1-2)
21.0,Femenino,3,7,0,14.6,0,14.1,0,2.47,81.8,3,14,1,Medio (3-4)
20.0,Femenino,4,10,0,28.0,0,12.8,0,3.87,89.9,0,20,0,Medio (3-4)
19.0,Femenino,3,9,0,15.9,0,3.2,0,3.25,98.6,0,19,0,Medio (3-4)
19.0,Femenino,2,1,1,13.0,0,6.5,0,3.23,89.0,3,16,0,Bajo (1-2)
17.0,Femenino,1,6,1,15.4,1,4.2,0,3.34,76.6,0,18,1,Bajo (1-2)
19.0,Masculino,1,2,1,4.8,0,12.8,0,2.78,77.6,0,15,0,Bajo (1-2)
24.0,Femenino,3,4,0,3.2,1,3.5,0,2.55,74.0,1,18,0,Medio (3-4)
20.0,Femenino,5,10,1,5.3,1,33.9,0,2.78,70.3,3,20,1,Alto (5-6)
22.0,Masculino,2,10,0,12.5,0,33.3,1,3.84,90.7,0,16,0,Bajo (1-2)
17.0,Masculino,3,2,1,0.9,1,0.8,0,2.35,71.9,1,18,1,Medio (3-4)
22.0,Femenino,4,2,0,13.6,1,1.1,0,4.34,81.7,0,17,0,Medio (3-4)
20.0,Masculino,1,7,1,0.0,0,11.9,0,2.28,65.4,2,12,1,Bajo (1-2)
19.0,Masculino,2,5,1,8.3,0,1.3,0,3.09,88.7,2,12,0,Bajo (1-2)
21.0,Masculino,2,5,0,15.5,1,19.6,0,3.58,74.8,1,14,0,Bajo (1-2)
19.0,Masculino,4,9,1,7.3,1,7.1,0,2.78,85.9,2,14,1,Medio (3-4)
17.0,Femenino,3,10,1,7.8,0,3.8,0,3.64,68.0,1,13,0,Medio (3-4)
23.0,Masculino,4,10,0,13.5,1,1.6,0,3.48,70.4,0,21,0,Medio (3-4)
21.0,Femenino,5,8,0,9.3,1,5.4,0,2.92,91.3,1,18,0,Alto (5-6)
20.0,Masculino,4,10,1,4.7,1,7.6,0,3.5,68.7,0,12,0,Medio (3-4)
18.0,Masculino,6,8,0,14.3,0,7.5,0,2.74,62.3,1,21,1,Alto (5-6)
17.0,Femenino,4,9,0,8.6,0,13.2,0,2.7,67.6,2,15,1,Medio (3-4)
21.0,Femenino,5,6,1,9.9,1,1.4,1,3.33,87.6,3,21,1,Alto (5-6)
24.0,Masculino,4,1,0,15.6,0,7.6,0,3.7,85.6,4,14,0,Medio (3-4)
21.0,Masculino,4,9,0,13.0,0,1.2,1,3.35,74.4,2,12,1,Medio (3-4)
17.0,Femenino,4,10,1,22.8,0,3.5,0,3.56,68.7,0,13,0,Medio (3-4)
21.0,Masculino,5,4,1,10.6,0,3.2,0,2.95,81.7,0,15,1,Alto (5-6)
20.0,Masculino,3,5,1,9.7,1,2.2,0,3.6,88.2,1,21,0,Medio (3-4)
22.0,Femenino,3,6,0,11.5,0,1.5,0,3.24,77.3,0,17,0,Medio (3-4)
22.0,Femenino,3,7,0,8.2,1,0.1,0,2.53,83.5,2,13,0,Medio (3-4)
17.0,Femenino,5,7,0,18.1,0,17.0,0,2.95,86.7,3,15,1,Alto (5-6)
22.0,Masculino,3,4,0,9.9,1,5.9,0,3.8,99.5,0,16,0,Medio (3-4)
18.0,Femenino,4,9,0,10.6,0,0.9,0,2.72,66.4,3,17,1,Medio (3-4)
17.0,Masculino,4,9,1,5.6,0,2.3,1,2.99,72.3,5,20,1,Medio (3-4)
20.0,Femenino,6,10,0,8.1,1,6.1,0,3.64,72.9,0,12,0,Alto (5-6)
21.0,Masculino,2,6,0,3.5,1,0.1,0,3.03,86.3,0,12,0,Bajo (1-2)
17.0,Femenino,4,1,0,11.2,0,10.6,0,2.73,75.5,0,19,1,Medio (3-4)
22.0,Femenino,4,9,1,13.0,0,0.9,1,2.68,82.1,0,13,0,Medio (3-4)
22.0,Masculino,5,1,0,15.2,0,15.6,1,4.22,83.2,0,18,0,Alto (5-6)
21.0,Femenino,5,2,0,23.4,1,19.3,0,3.13,78.0,2,15,0,Alto (5-6)
19.0,Masculino,3,3,0,18.5,0,26.6,0,3.16,79.1,2,15,0,Medio (3-4)
18.0,Masculino,3,2,0,17.1,1,16.1,0,3.56,88.3,0,13,1,Medio (3-4)
23.0,Masculino,2,8,0,25.3,0,1.6,0,3.63,68.3,2,19,0,Bajo (1-2)
17.0,Masculino,6,5,0,13.4,1,16.7,1,3.49,80.5,0,13,0,Alto (5-6)
23.0,Femenino,2,3,0,14.4,0,7.0,0,2.51,65.8,2,12,1,Bajo (1-2)
20.0,Masculino,4,1,0,13.9,0,11.4,1,3.12,84.3,2,17,0,Medio (3-4)
20.0,Masculino,4,3,0,23.3,1,1.3,0,3.99,76.0,1,13,1,Medio (3-4)
17.0,Femenino,3,7,0,14.0,0,1.5,1,3.57,92.7,2,13,0,Medio (3-4)
20.0,Femenino,2,8,0,10.1,1,5.6,0,2.77,78.0,1,14,0,Bajo (1-2)
22.0,Masculino,2,3,1,14.2,0,8.7,0,2.73,70.6,1,18,0,Bajo (1-2)
18.0,Femenino,5,1,0,9.1,0,5.6,0,3.12,75.5,2,19,0,Alto (5-6)
22.0,Masculino,3,6,1,13.4,1,5.2,0,2.54,92.2,3,21,1,Medio (3-4)
21.0,Masculino,1,8,1,10.9,1,3.8,1,3.73,63.3,1,21,1,Bajo (1-2)
19.0,Masculino,4,1,1,9.9,0,1.8,0,3.12,68.7,1,14,1,Medio (3-4)
22.0,Femenino,2,8,1,15.5,1,27.3,1,2.95,79.4,2,14,1,Bajo (1-2)
17.0,Femenino,5,2,0,5.1,0,3.5,0,2.3,71.6,3,14,1,Alto (5-6)
21.0,Femenino,2,3,0,15.0,1,4.9,0,2.96,82.9,1,13,0,Bajo (1-2)
24.0,Femenino,2,7,1,5.2,0,1.2,0,2.05,74.4,2,12,1,Bajo (1-2)
24.0,Masculino,1,1,1,25.7,0,9.2,0,4.0,77.6,1,17,1,Bajo (1-2)
21.0,Masculino,3,4,0,14.9,0,0.2,1,2.87,83.2,4,12,1,Medio (3-4)
20.0,Femenino,3,2,1,4.2,1,6.1,0,2.99,74.0,0,12,0,Medio (3-4)
19.0,Femenino,4,3,0,5.7,1,1.6,0,3.13,65.1,2,15,0,Medio (3-4)
20.0,Masculino,3,8,1,16.9,1,19.6,0,3.84,76.8,1,20,0,Medio (3-4)
22.0,Femenino,2,3,0,11.9,0,8.1,1,3.26,64.4,0,16,0,Bajo (1-2)
19.0,Masculino,2,1,0,9.3,0,6.3,1,3.58,75.3,0,15,1,Bajo (1-2)
22.0,Femenino,2,3,0,16.0,0,14.4,1,4.01,86.9,2,13,0,Bajo (1-2)
25.0,Masculino,5,1,0,17.9,1,9.2,0,3.53,89.9,0,18,0,Alto (5-6)
20.0,Femenino,2,7,1,12.7,0,8.2,0,3.33,98.5,0,15,0,Bajo (1-2)
18.0,Masculino,6,10,1,10.3,0,20.7,0,2.78,70.7,0,21,0,Alto (5-6)
18.0,Femenino,2,2,1,13.2,0,0.1,1,2.7,70.3,1,13,1,Bajo (1-2)
22.0,Masculino,1,8,1,14.4,1,28.9,0,3.89,80.2,3,19,1,Bajo (1-2)
20.0,Femenino,2,4,0,16.0,0,4.7,1,3.62,100.0,1,18,0,Bajo (1-2)
22.0,Femenino,1,1,1,11.9,0,17.9,1,3.48,94.3,1,15,1,Bajo (1-2)
19.0,Masculino,4,7,0,20.6,1,4.0,1,3.23,71.6,0,15,0,Medio (3-4)
22.0,Femenino,3,3,1,9.4,1,4.6,1,3.84,77.6,1,21,0,Medio (3-4)
20.0,Femenino,2,6,0,9.1,1,2.8,0,2.9,86.5,1,19,0,Bajo (1-2)
19.0,Femenino,4,6,0,13.1,1,4.7,0,2.79,87.2,1,12,1,Medio (3-4)
20.0,Femenino,3,6,0,18.5,1,4.9,0,3.15,83.9,1,17,1,Medio (3-4)
18.0,Femenino,5,2,1,0.0,0,0.5,0,3.39,70.5,1,19,0,Alto (5-6)
25.0,Masculino,6,3,0,3.3,0,1.6,1,2.19,87.8,0,15,0,Alto (5-6)
20.0,Femenino,4,8,1,15.9,1,0.4,0,2.94,84.3,2,18,0,Medio (3-4)
22.0,Masculino,4,10,1,21.4,1,17.1,1,5.0,69.7,0,18,0,Medio (3-4)
19.0,Masculino,4,1,1,3.9,0,4.5,1,3.25,92.3,0,15,0,Medio (3-4)
18.0,Femenino,3,5,0,14.6,0,4.1,0,2.89,87.9,1,12,0,Medio (3-4)
20.0,Masculino,4,9,0,11.6,1,19.5,0,2.58,70.6,1,12,1,Medio (3-4)
23.0,Masculino,1,3,1,8.6,0,6.5,0,2.15,84.2,0,18,1,Bajo (1-2)
19.0,Masculino,4,5,1,9.5,1,41.7,0,3.08,83.1,0,19,0,Medio (3-4)
19.0,Femenino,6,10,1,3.9,1,13.6,0,3.14,83.5,0,15,0,Alto (5-6)
21.0,Femenino,1,10,0,7.4,0,1.4,1,3.69,97.8,1,16,1,Bajo (1-2)
22.0,Femenino,4,7,0,12.2,0,0.0,1,2.2,81.9,1,17,1,Medio (3-4)
24.0,Masculino,5,7,0,13.1,0,1.6,0,2.53,81.3,1,20,1,Alto (5-6)
21.0,Masculino,2,7,1,4.4,0,16.2,1,2.74,52.6,0,17,1,Bajo (1-2)
22.0,Masculino,3,3,0,18.7,0,9.9,0,4.84,89.2,0,17,0,Medio (3-4)
22.0,Femenino,5,9,0,11.5,1,1.2,1,3.56,92.2,0,17,1,Alto (5-6)
18.0,Masculino,6,1,1,6.3,1,31.1,1,3.07,92.6,0,13,0,Alto (5-6)
18.0,Femenino,2,1,0,15.7,0,4.4,1,2.69,72.6,1,19,0,Bajo (1-2)
18.0,Masculino,2,7,0,13.2,1,2.3,0,2.14,87.6,1,21,1,Bajo (1-2)
18.0,Femenino,4,9,0,19.0,0,8.2,1,3.48,92.2,1,13,0,Medio (3-4)
22.0,Masculino,2,9,0,8.4,1,12.7,0,2.93,71.5,1,12,0,Bajo (1-2)
21.0,Masculino,2,7,1,1.3,0,3.2,0,2.52,85.6,1,16,1,Bajo (1-2)
21.0,Femenino,1,4,1,5.2,1,8.4,0,2.64,79.6,0,19,1,Bajo (1-2)
17.0,Femenino,2,4,0,14.4,0,8.8,0,2.87,61.0,1,12,0,Bajo (1-2)
25.0,Masculino,3,5,0,6.6,0,9.3,0,2.41,83.8,0,19,0,Medio (3-4)
19.0,Femenino,4,3,0,5.7,1,1.5,0,3.55,70.3,2,14,1,Medio (3-4)
25.0,Masculino,3,5,1,11.4,0,3.3,1,2.67,62.2,0,13,1,Medio (3-4)
17.0,Masculino,4,2,0,9.5,0,7.9,0,2.89,81.7,1,13,0,Medio (3-4)
19.0,Masculino,3,4,0,5.3,1,3.1,1,2.82,81.3,2,17,1,Medio (3-4)
17.0,Femenino,2,10,0,19.8,0,0.8,1,3.84,96.0,2,17,1,Bajo (1-2)
21.0,Femenino,1,8,1,6.1,0,5.2,0,2.45,76.8,4,16,1,Bajo (1-2)
18.0,Femenino,2,2,0,20.9,0,19.0,1,4.03,89.8,1,18,0,Bajo (1-2)
18.0,Masculino,2,3,0,14.2,0,3.9,0,2.95,83.1,2,20,0,Bajo (1-2)
17.0,Femenino,2,3,1,9.4,1,3.5,0,2.94,85.2,1,20,1,Bajo (1-2)
22.0,Femenino,1,3,1,7.1,1,0.0,1,3.74,70.1,2,19,1,Bajo (1-2)
22.0,Femenino,2,7,0,0.0,0,0.9,1,2.12,84.0,3,17,1,Bajo (1-2)
24.0,Masculino,4,9,0,7.2,0,3.9,0,3.28,76.6,2,14,0,Medio (3-4)
19.0,Femenino,3,8,1,7.0,1,2.8,1,3.42,85.5,2,19,1,Medio (3-4)
21.0,Masculino,5,5,0,16.2,1,7.8,0,3.48,80.6,0,18,1,Alto (5-6)
18.0,Masculino,4,2,1,0.4,0,18.3,1,2.56,72.9,0,20,1,Medio (3-4)
20.0,Masculino,3,2,0,13.7,1,15.5,0,4.28,74.6,0,19,1,Medio (3-4)
19.0,Masculino,2,9,1,5.2,0,5.1,0,2.83,91.5,0,13,0,Bajo (1-2)
22.0,Masculino,3,7,1,9.3,0,1.9,1,3.12,62.1,0,17,1,Medio (3-4)
23.0,Masculino,1,6,1,8.5,1,9.4,0,2.82,82.1,4,19,0,Bajo (1-2)
23.0,Femenino,3,6,0,18.5,1,2.2,0,3.51,90.4,1,21,0,Medio (3-4)
19.0,Masculino,3,9,0,20.4,0,1.0,1,4.0,87.8,3,15,0,Medio (3-4)
23.0,Masculino,3,9,1,14.1,1,8.0,1,3.1,98.7,2,20,1,Medio (3-4)
20.0,Masculino,2,1,1,19.4,1,2.3,0,2.42,84.4,1,14,0,Bajo (1-2)
20.0,Masculino,4,4,0,11.9,1,0.3,1,3.39,85.8,0,15,0,Medio (3-4)
19.0,Masculino,4,1,0,30.9,1,5.2,0,3.45,73.3,0,21,0,Medio (3-4)
19.0,Masculino,4,4,0,6.7,0,15.8,0,3.27,82.0,0,13,0,Medio (3-4)
24.0,Femenino,3,7,0,10.8,1,3.7,0,3.09,84.8,5,14,1,Medio (3-4)
21.0,Femenino,3,3,1,13.8,0,4.8,0,3.69,75.0,1,20,1,Medio (3-4)
21.0,Femenino,1,2,1,14.8,0,1.2,0,2.79,67.6,1,21,1,Bajo (1-2)
20.0,Femenino,4,5,0,16.9,0,0.6,1,3.09,70.0,2,13,0,Medio (3-4)
26.0,Femenino,3,6,1,15.6,1,2.6,1,3.13,80.9,0,20,1,Medio (3-4)
23.0,Femenino,2,8,1,0.0,0,2.2,0,1.86,60.2,1,17,1,Bajo (1-2)
19.0,Femenino,2,1,1,19.6,0,1.3,0,4.04,70.3,2,20,0,Bajo (1-2)
20.0,Masculino,5,3,0,12.8,1,16.1,1,2.36,57.7,2,16,0,Alto (5-6)
20.0,Femenino,3,8,1,17.3,0,1.0,1,3.93,87.3,1,17,0,Medio (3-4)
21.0,Masculino,3,7,1,0.0,0,10.1,0,2.81,86.5,2,14,1,Medio (3-4)
19.0,Masculino,3,9,0,15.5,0,2.3,0,3.2,78.8,2,17,1,Medio (3-4)
21.0,Femenino,3,9,0,10.6,1,15.8,0,3.25,96.3,1,16,1,Medio (3-4)
24.0,Femenino,3,9,1,11.2,0,4.5,0,3.26,88.5,1,16,0,Medio (3-4)
18.0,Femenino,2,6,1,16.1,0,4.8,0,3.12,79.8,1,14,0,Bajo (1-2)
18.0,Masculino,3,10,1,9.5,0,22.7,0,3.18,73.9,3,16,1,Medio (3-4)
19.0,Femenino,4,5,1,2.6,1,12.8,1,3.08,75.5,2,13,0,Medio (3-4)
20.0,Femenino,1,10,0,13.7,1,1.4,1,2.74,87.6,2,20,0,Bajo (1-2)
25.0,Masculino,4,4,1,10.6,0,9.3,0,3.25,73.6,2,16,0,Medio (3-4)
23.0,Masculino,2,5,1,9.2,1,0.8,0,1.7,80.5,1,15,1,Bajo (1-2)
23.0,Femenino,4,7,0,19.9,1,7.8,0,2.53,84.2,3,21,1,Medio (3-4)
20.0,Femenino,3,4,0,14.9,1,3.5,0,3.55,75.7,2,16,1,Medio (3-4)
20.0,Femenino,4,2,1,2.1,0,2.1,0,2.48,86.0,2,19,1,Medio (3-4)
17.0,Femenino,3,9,0,14.6,0,2.5,1,2.83,79.7,2,21,0,Medio (3-4)
22.0,Femenino,6,5,0,29.7,1,4.2,0,3.91,78.2,1,20,1,Alto (5-6)
22.0,Masculino,3,10,1,21.2,0,11.8,1,3.36,69.2,0,15,1,Medio (3-4)
23.0,Masculino,4,4,0,0.0,0,7.8,0,2.11,75.3,0,17,0,Medio (3-4)
20.0,Masculino,4,10,1,6.8,0,6.2,0,2.08,96.6,1,20,0,Medio (3-4)
20.0,Masculino,2,7,0,19.6,0,20.6,1,2.5,73.0,0,17,0,Bajo (1-2)
21.0,Femenino,2,8,1,11.0,1,7.1,1,3.46,83.4,0,14,1,Bajo (1-2)
22.0,Masculino,3,8,0,11.2,0,41.8,0,2.89,73.5,0,17,1,Medio (3-4)
17.0,Masculino,2,3,1,8.1,1,0.1,1,3.45,56.9,0,12,0,Bajo (1-2)
22.0,Masculino,3,9,1,14.8,1,0.8,0,3.05,80.6,2,20,1,Medio (3-4)
20.0,Masculino,3,10,0,7.1,0,10.5,1,3.1,76.4,1,17,0,Medio (3-4)
18.0,Femenino,3,7,0,21.1,0,2.7,0,3.49,81.2,0,14,1,Medio (3-4)
17.0,Femenino,2,10,0,13.7,0,5.8,0,3.24,87.9,3,16,0,Bajo (1-2)
20.0,Femenino,4,9,0,8.4,0,0.6,1,3.02,84.3,2,12,0,Medio (3-4)
24.0,Femenino,3,7,0,20.7,1,2.0,1,3.31,85.3,1,19,0,Medio (3-4)
24.0,Masculino,4,5,0,4.7,0,11.7,1,2.2,73.3,1,17,0,Medio (3-4)
21.0,Femenino,1,9,0,10.7,1,1.6,0,3.46,85.1,2,12,0,Bajo (1-2)
25.0,Masculino,3,2,0,10.6,1,7.8,1,3.87,80.1,1,16,0,Medio (3-4)
20.0,Masculino,1,6,1,19.0,0,16.3,0,4.28,55.0,4,12,1,Bajo (1-2)
23.0,Femenino,4,9,0,9.9,1,10.1,0,2.77,86.3,3,15,0,Medio (3-4)
20.0,Femenino,2,10,0,1.1,0,5.2,0,2.28,89.3,2,20,1,Bajo (1-2)
19.0,Masculino,5,3,0,10.5,0,0.1,0,2.8,92.8,0,18,0,Alto (5-6)
19.0,Masculino,2,1,1,12.0,0,14.3,0,3.05,96.7,3,16,1,Bajo (1-2)
17.0,Femenino,3,4,1,12.3,0,0.8,0,3.13,82.7,1,17,0,Medio (3-4)
23.0,Femenino,2,9,0,27.7,1,3.4,0,3.35,83.1,0,17,1,Bajo (1-2)
19.0,Masculino,3,6,1,17.4,1,4.7,0,2.64,85.9,0,12,1,Medio (3-4)
19.0,Femenino,3,1,0,15.1,0,6.8,0,3.31,69.1,3,14,1,Medio (3-4)
18.0,Masculino,3,2,0,8.7,0,2.2,1,1.22,65.3,3,20,0,Medio (3-4)
20.0,Femenino,2,4,1,17.5,0,30.2,0,3.34,70.2,2,21,1,Bajo (1-2)
24.0,Femenino,1,4,1,5.1,1,7.8,0,2.36,87.8,1,13,0,Bajo (1-2)
25.0,Femenino,1,2,1,7.2,1,13.2,0,3.32,68.4,0,21,0,Bajo (1-2)
17.0,Femenino,6,5,1,9.0,0,29.1,1,3.53,83.7,0,12,0,Alto (5-6)
20.0,Femenino,3,5,0,6.5,0,2.3,1,3.43,87.7,1,17,0,Medio (3-4)
18.0,Femenino,1,2,1,5.6,1,7.5,0,2.68,77.4,3,20,1,Bajo (1-2)
23.0,Masculino,6,3,0,12.6,1,3.4,1,2.6,69.2,0,14,0,Alto (5-6)
21.0,Femenino,1,7,0,18.4,0,8.6,0,3.02,81.4,1,21,1,Bajo (1-2)
19.0,Femenino,3,10,1,6.6,0,0.4,1,3.04,74.8,1,21,0,Medio (3-4)
21.0,Femenino,4,10,1,3.5,0,0.2,0,1.93,92.0,1,16,1,Medio (3-4)
19.0,Femenino,5,6,0,4.4,0,5.4,0,3.49,89.4,0,20,1,Alto (5-6)
24.0,Masculino,4,1,1,14.2,0,2.1,0,3.07,71.1,4,12,0,Medio (3-4)
22.0,Femenino,3,9,1,7.1,1,2.9,1,3.17,96.7,0,17,0,Medio (3-4)
22.0,Masculino,6,10,0,10.7,1,0.3,0,2.19,81.4,1,14,0,Alto (5-6)
17.0,Femenino,1,3,1,11.3,0,11.8,0,2.65,58.3,1,18,1,Bajo (1-2)
20.0,Masculino,6,5,1,9.1,0,23.8,0,2.06,74.2,3,14,1,Alto (5-6)
25.0,Femenino,4,1,0,22.3,0,6.6,1,4.12,98.4,1,16,1,Medio (3-4)
23.0,Masculino,5,9,0,9.3,0,8.8,0,2.94,69.8,2,19,1,Alto (5-6)
17.0,Femenino,2,8,1,12.5,1,5.1,1,3.45,78.3,1,14,0,Bajo (1-2)
20.0,Femenino,2,1,0,19.7,1,5.0,0,3.52,64.4,1,20,1,Bajo (1-2)
18.0,Masculino,4,8,1,0.5,0,5.4,1,2.86,67.0,2,18,0,Medio (3-4)
24.0,Masculino,3,5,1,11.8,1,2.2,0,2.96,66.7,0,14,0,Medio (3-4)
21.0,Masculino,3,6,0,13.8,0,4.7,0,3.12,65.7,1,18,0,Medio (3-4)
19.0,Femenino,5,3,0,6.1,0,3.2,0,2.83,71.8,1,15,1,Alto (5-6)
21.0,Masculino,3,9,0,15.0,1,12.5,0,3.48,95.4,1,17,0,Medio (3-4)
17.0,Masculino,2,5,1,12.2,0,8.9,0,3.36,74.6,1,18,1,Bajo (1-2)
18.0,Masculino,3,9,0,17.3,0,5.9,0,4.79,85.9,1,20,1,Medio (3-4)
21.0,Femenino,2,2,0,6.9,1,1.4,0,3.75,88.9,1,15,0,Bajo (1-2)
22.0,Masculino,2,6,0,14.1,0,6.7,0,2.34,66.9,1,16,1,Bajo (1-2)
17.0,Masculino,2,4,0,22.3,1,0.1,0,3.53,69.7,2,16,1,Bajo (1-2)
20.0,Masculino,4,10,0,26.5,0,6.4,0,3.59,85.7,0,20,0,Medio (3-4)
23.0,Femenino,4,6,0,21.7,0,2.4,1,4.22,75.7,0,20,0,Medio (3-4)
17.0,Femenino,3,8,1,4.5,1,2.1,0,2.64,82.0,4,14,1,Medio (3-4)
21.0,Masculino,3,1,0,16.7,0,3.3,0,3.58,94.8,3,13,0,Medio (3-4)
21.0,Femenino,4,7,0,11.1,0,2.1,0,1.93,63.4,1,21,1,Medio (3-4)
24.0,Masculino,4,2,0,15.7,0,2.9,1,2.55,78.4,1,13,1,Medio (3-4)
20.0,Femenino,5,4,0,9.4,0,3.1,1,4.07,80.0,1,14,0,Alto (5-6)
20.0,Femenino,3,3,0,3.7,0,12.2,1,2.79,76.7,1,13,0,Medio (3-4)
22.0,Masculino,4,1,0,11.9,0,1.8,0,2.64,71.9,4,13,1,Medio (3-4)
18.0,Femenino,3,6,1,16.7,0,8.1,0,3.47,70.1,0,12,0,Medio (3-4)
20.0,Femenino,3,3,0,15.7,0,14.9,0,2.78,77.8,0,18,0,Medio (3-4)
19.0,Masculino,5,6,1,8.1,1,10.1,1,2.82,80.6,2,17,1,Alto (5-6)
20.0,Masculino,3,8,0,15.3,1,24.2,0,2.56,87.5,2,12,0,Medio (3-4)
22.0,Masculino,3,2,1,12.7,0,6.8,0,2.78,74.7,5,18,1,Medio (3-4)
22.0,Femenino,2,8,0,17.2,1,41.7,0,3.16,89.2,1,13,0,Bajo (1-2)
19.0,Femenino,3,3,1,8.6,1,3.0,1,3.55,73.1,1,17,0,Medio (3-4)
21.0,Masculino,3,4,1,11.4,1,5.6,0,3.35,63.0,0,19,1,Medio (3-4)
24.0,Femenino,4,6,0,24.5,1,23.8,1,4.02,79.0,1,16,0,Medio (3-4)
19.0,Femenino,3,7,0,14.9,0,0.3,0,3.26,82.6,2,15,0,Medio (3-4)
21.0,Femenino,2,7,0,14.3,0,1.3,1,3.65,90.6,3,20,0,Bajo (1-2)
20.0,Masculino,5,2,0,14.6,1,0.3,0,2.82,92.6,1,20,1,Alto (5-6)
20.0,Masculino,2,6,1,6.9,0,29.9,0,2.54,77.9,1,20,1,Bajo (1-2)
17.0,Masculino,5,3,0,11.4,1,8.2,1,3.32,89.5,0,13,1,Alto (5-6)
24.0,Masculino,2,3,1,8.6,1,0.1,0,2.85,88.7,1,14,0,Bajo (1-2)
19.0,Femenino,3,10,1,2.3,0,0.6,0,2.7,67.2,3,15,1,Medio (3-4)
23.0,Femenino,3,2,1,6.7,0,4.5,0,2.82,72.9,4,13,1,Medio (3-4)
19.0,Femenino,4,5,1,6.6,1,8.2,0,3.52,100.0,1,15,0,Medio (3-4)
19.0,Femenino,2,5,0,14.6,0,3.3,0,3.91,86.6,4,14,1,Bajo (1-2)
23.0,Femenino,5,3,0,17.5,1,7.5,0,3.07,83.1,2,16,0,Alto (5-6)
23.0,Femenino,3,8,0,12.7,1,7.9,0,2.29,86.9,2,19,0,Medio (3-4)
21.0,Femenino,3,5,0,1.9,0,15.2,0,2.33,64.6,3,16,0,Medio (3-4)
22.0,Masculino,3,8,0,17.5,0,5.5,0,2.94,71.5,0,19,0,Medio (3-4)
20.0,Masculino,1,4,1,12.1,0,0.5,0,3.56,64.9,2,15,0,Bajo (1-2)
20.0,Femenino,3,9,0,8.0,1,1.2,1,3.42,86.2,2,16,1,Medio (3-4)
19.0,Femenino,2,8,0,18.6,0,3.6,0,2.92,74.3,1,15,0,Bajo (1-2)
22.0,Masculino,2,4,0,5.6,0,6.8,1,2.48,83.0,1,12,0,Bajo (1-2)
19.0,Masculino,3,10,0,20.3,0,9.3,1,2.77,78.9,0,12,0,Medio (3-4)
24.0,Masculino,3,9,0,13.7,0,19.0,0,3.28,61.7,1,13,1,Medio (3-4)
20.0,Femenino,1,6,1,0.0,0,13.8,1,2.58,87.8,2,18,1,Bajo (1-2)
21.0,Masculino,1,1,0,15.1,0,2.5,0,3.67,60.4,2,12,1,Bajo (1-2)
22.0,Femenino,2,6,1,3.7,1,20.4,0,3.01,67.7,2,16,0,Bajo (1-2)
21.0,Femenino,2,7,0,10.7,0,23.2,0,3.38,64.8,1,13,0,Bajo (1-2)
20.0,Femenino,3,4,0,9.6,1,0.9,0,2.26,69.2,2,15,1,Medio (3-4)
20.0,Femenino,2,2,0,13.2,1,11.9,0,2.88,80.0,2,14,1,Bajo (1-2)
22.0,Femenino,5,6,0,11.1,0,1.6,0,3.57,90.4,0,14,0,Alto (5-6)
19.0,Femenino,2,9,0,2.9,1,21.4,0,2.46,62.4,2,17,1,Bajo (1-2)
20.0,Masculino,1,4,0,21.6,0,4.8,0,2.76,72.4,0,20,0,Bajo (1-2)
21.0,Femenino,5,5,0,12.5,0,4.0,0,3.57,60.5,2,18,1,Alto (5-6)
22.0,Femenino,2,1,0,9.6,0,2.3,0,2.74,71.9,1,14,1,Bajo (1-2)
20.0,Femenino,3,8,1,3.8,0,6.6,0,3.3,75.7,0,20,1,Medio (3-4)
24.0,Femenino,6,9,0,18.6,0,5.0,1,3.43,89.7,0,21,0,Alto (5-6)
20.0,Femenino,5,8,0,6.2,0,5.7,0,2.74,56.8,1,19,1,Alto (5-6)
20.0,Femenino,4,5,0,14.8,0,15.5,0,3.95,83.5,1,14,1,Medio (3-4)
20.0,Femenino,1,1,0,10.5,1,1.3,0,2.42,68.3,0,13,0,Bajo (1-2)
18.0,Masculino,3,5,0,10.8,0,2.9,1,3.81,69.8,4,21,0,Medio (3-4)
18.0,Masculino,6,10,0,7.4,0,5.3,0,2.61,78.7,1,20,1,Alto (5-6)
19.0,Femenino,5,1,1,3.9,0,6.3,0,2.86,81.3,0,16,1,Alto (5-6)
23.0,Masculino,1,3,1,8.8,0,2.3,1,3.08,78.0,2,16,0,Bajo (1-2)
20.0,Masculino,3,9,1,10.2,0,4.5,0,2.85,64.1,3,17,1,Medio (3-4)
19.0,Masculino,2,6,0,9.3,0,12.2,1,2.64,81.0,1,20,1,Bajo (1-2)
23.0,Masculino,2,2,0,13.5,0,60.0,0,3.02,70.7,2,14,1,Bajo (1-2)
24.0,Masculino,4,1,0,19.3,0,0.1,1,2.96,88.0,2,18,0,Medio (3-4)
23.0,Masculino,2,5,1,0.0,1,28.3,0,3.58,85.8,2,21,0,Bajo (1-2)
19.0,Masculino,2,6,0,14.0,1,2.9,0,2.99,88.1,1,14,0,Bajo (1-2)
19.0,Femenino,1,9,1,6.8,0,5.7,0,3.49,74.8,0,14,1,Bajo (1-2)
24.0,Femenino,3,9,1,1.6,1,10.2,0,3.18,86.2,1,13,0,Medio (3-4)
21.0,Femenino,2,5,0,15.6,1,13.1,0,3.48,67.8,1,19,1,Bajo (1-2)
20.0,Femenino,3,5,1,6.1,1,55.0,1,2.81,96.8,0,14,1,Medio (3-4)
22.0,Femenino,2,10,1,3.9,0,26.1,1,2.87,68.7,2,12,1,Bajo (1-2)
23.0,Femenino,6,8,0,21.9,0,1.4,1,3.87,61.7,0,17,0,Alto (5-6)
19.0,Masculino,2,3,1,16.4,0,1.6,0,3.39,88.7,1,17,0,Bajo (1-2)
21.0,Masculino,3,7,1,0.0,1,8.3,1,1.82,71.9,0,12,1,Medio (3-4)
23.0,Masculino,2,8,0,5.2,0,1.9,1,1.92,83.2,1,19,0,Bajo (1-2)
18.0,Femenino,1,3,0,17.6,1,12.3,0,4.14,67.7,3,17,1,Bajo (1-2)
21.0,Femenino,2,10,1,6.3,0,28.4,0,1.57,98.6,2,16,1,Bajo (1-2)
18.0,Masculino,1,3,0,23.0,1,2.0,0,3.73,96.2,1,15,1,Bajo (1-2)
18.0,Masculino,2,6,1,15.4,0,1.3,0,3.18,90.5,1,18,0,Bajo (1-2)
19.0,Masculino,3,5,0,15.8,0,4.1,0,3.39,78.9,0,19,1,Medio (3-4)
22.0,Masculino,4,7,0,7.9,0,10.0,0,2.38,87.8,0,19,1,Medio (3-4)
20.0,Masculino,1,10,1,13.3,1,29.8,0,3.37,74.5,1,15,0,Bajo (1-2)
19.0,Femenino,3,4,0,6.3,0,2.2,0,2.99,89.2,2,17,1,Medio (3-4)
21.0,Femenino,3,4,1,13.9,0,6.4,1,4.61,74.9,0,14,0,Medio (3-4)
18.0,Femenino,2,8,1,10.9,1,18.6,0,3.15,90.8,0,14,1,Bajo (1-2)
21.0,Masculino,3,10,0,9.1,1,9.9,1,3.68,77.4,1,20,0,Medio (3-4)
23.0,Masculino,1,10,1,17.6,1,16.0,0,2.64,71.5,1,15,1,Bajo (1-2)
20.0,Femenino,2,8,1,23.0,1,8.2,1,4.15,74.3,1,14,0,Bajo (1-2)
20.0,Masculino,3,8,0,12.7,0,1.1,1,3.28,83.9,0,19,0,Medio (3-4)
21.0,Femenino,6,8,1,10.0,1,9.7,1,3.19,75.1,1,18,1,Alto (5-6)
17.0,Femenino,6,10,0,11.4,0,1.8,0,3.26,82.9,3,14,1,Alto (5-6)
22.0,Femenino,6,1,0,14.5,1,26.1,0,4.11,73.2,0,13,0,Alto (5-6)
27.0,Femenino,3,6,0,5.0,1,7.3,0,2.95,85.9,2,18,0,Medio (3-4)
20.0,Masculino,1,1,0,14.0,0,1.7,0,2.84,93.2,0,21,0,Bajo (1-2)
20.0,Femenino,2,6,0,14.3,0,12.9,1,2.93,82.8,1,13,1,Bajo (1-2)
22.0,Masculino,2,4,1,18.8,1,13.0,0,3.85,97.2,1,14,0,Bajo (1-2)
24.0,Masculino,1,4,1,0.0,1,13.1,0,2.82,86.3,3,21,1,Bajo (1-2)
23.0,Femenino,1,9,1,6.8,1,9.8,1,2.14,100.0,2,19,1,Bajo (1-2)
17.0,Femenino,3,8,0,21.7,1,13.6,0,3.84,77.4,1,18,0,Medio (3-4)
22.0,Masculino,2,6,1,8.1,0,15.7,1,2.42,62.4,3,15,1,Bajo (1-2)
26.0,Femenino,2,9,1,7.0,0,13.8,0,3.13,67.9,0,16,0,Bajo (1-2)
22.0,Masculino,4,1,1,4.3,0,16.0,0,2.39,69.0,2,13,1,Medio (3-4)
18.0,Femenino,3,7,0,8.4,0,0.7,0,2.84,68.5,1,20,0,Medio (3-4)
21.0,Masculino,5,2,1,0.0,0,0.9,0,2.33,53.0,0,17,1,Alto (5-6)
18.0,Masculino,2,3,0,10.2,1,20.6,1,3.82,92.2,1,19,0,Bajo (1-2)
23.0,Femenino,3,2,1,6.2,0,12.7,1,3.08,60.4,0,20,1,Medio (3-4)
18.0,Femenino,2,6,1,12.6,1,13.0,0,3.8,84.3,0,12,0,Bajo (1-2)
21.0,Masculino,3,7,0,9.3,1,5.3,0,4.46,99.9,1,20,0,Medio (3-4)
19.0,Femenino,2,8,1,8.0,0,1.3,1,2.98,71.2,1,15,0,Bajo (1-2)
19.0,Femenino,2,5,0,11.3,1,18.2,0,3.86,81.9,0,15,0,Bajo (1-2)
24.0,Femenino,3,10,0,13.7,1,11.7,0,2.87,74.0,2,16,1,Medio (3-4)
21.0,Femenino,2,4,1,9.0,0,17.7,0,3.63,83.3,2,14,0,Bajo (1-2)
19.0,Masculino,2,2,1,4.0,0,20.1,1,2.38,67.1,0,15,0,Bajo (1-2)
18.0,Masculino,5,1,0,14.5,0,4.7,0,3.24,76.7,1,18,0,Alto (5-6)
17.0,Femenino,1,2,0,20.4,1,31.7,0,3.79,89.2,1,15,0,Bajo (1-2)
18.0,Masculino,3,5,0,14.8,0,2.9,1,3.61,81.5,1,18,0,Medio (3-4)
21.0,Femenino,3,5,1,4.9,0,4.7,1,2.18,62.7,2,15,0,Medio (3-4)
23.0,Femenino,2,9,1,9.0,1,13.4,0,2.57,87.4,0,15,0,Bajo (1-2)
19.0,Masculino,3,2,0,1.7,1,9.5,0,2.98,65.0,0,13,0,Medio (3-4)
24.0,Masculino,1,3,0,13.2,1,1.6,1,3.01,82.8,1,20,1,Bajo (1-2)
19.0,Femenino,4,10,1,3.3,1,1.4,0,2.05,80.8,4,13,1,Medio (3-4)
20.0,Femenino,2,1,1,8.2,0,13.4,1,2.93,80.2,2,17,1,Bajo (1-2)
18.0,Femenino,2,5,0,9.5,0,5.2,0,2.97,100.0,2,14,1,Bajo (1-2)
23.0,Masculino,2,2,0,11.5,1,6.7,0,3.21,85.3,1,21,0,Bajo (1-2)
25.0,Femenino,5,6,1,15.0,0,0.8,1,3.54,77.0,0,12,0,Alto (5-6)
17.0,Femenino,4,10,1,15.9,0,27.4,0,3.55,81.0,0,16,1,Medio (3-4)
20.0,Masculino,5,3,1,3.6,1,0.7,0,2.38,77.1,1,17,1,Alto (5-6)
23.0,Femenino,4,4,1,5.7,0,1.7,0,2.65,75.4,0,21,1,Medio (3-4)
17.0,Femenino,4,5,1,6.4,0,0.8,1,3.35,81.4,1,13,1,Medio (3-4)
22.0,Femenino,3,8,0,18.9,0,1.7,0,3.18,73.7,1,20,0,Medio (3-4)
23.0,Femenino,5,10,0,14.9,0,1.2,1,3.07,84.1,0,12,0,Alto (5-6)
21.0,Femenino,3,1,1,9.2,0,2.1,0,2.26,69.9,1,14,1,Medio (3-4)
22.0,Masculino,3,5,0,17.2,0,9.2,0,3.36,59.0,2,20,0,Medio (3-4)
24.0,Masculino,3,8,0,10.4,1,3.3,1,3.24,93.4,0,15,0,Medio (3-4)
25.0,Masculino,3,1,1,17.5,1,4.1,1,2.4,73.3,0,17,0,Medio (3-4)
20.0,Masculino,2,9,1,12.4,0,0.4,1,2.62,80.4,1,15,0,Bajo (1-2)
19.0,Femenino,3,3,1,1.3,0,9.3,0,1.95,67.4,2,20,1,Medio (3-4)
18.0,Femenino,2,6,0,12.6,1,21.9,0,3.56,70.7,2,12,0,Bajo (1-2)
23.0,Masculino,4,10,1,16.7,0,12.8,0,2.4,64.6,2,21,1,Medio (3-4)
17.0,Femenino,3,7,0,11.4,0,2.9,0,3.08,87.5,1,14,0,Medio (3-4)
20.0,Masculino,4,10,0,19.7,0,8.1,0,3.85,89.9,0,17,0,Medio (3-4)
21.0,Masculino,3,7,1,4.7,0,12.3,0,2.91,75.3,2,14,0,Medio (3-4)
19.0,Femenino,4,3,1,4.9,0,11.3,0,2.6,69.6,1,19,0,Medio (3-4)
21.0,Femenino,2,7,1,12.9,0,14.9,0,3.36,58.1,1,19,0,Bajo (1-2)
26.0,Femenino,5,7,1,6.4,1,0.6,0,3.41,83.0,2,13,1,Alto (5-6)
20.0,Femenino,3,4,1,15.3,0,14.8,0,3.23,68.2,0,14,1,Medio (3-4)
20.0,Femenino,2,1,0,16.1,0,5.7,0,2.21,66.8,2,18,1,Bajo (1-2)
23.0,Femenino,2,7,0,8.8,0,2.2,0,3.57,78.3,2,17,0,Bajo (1-2)
21.0,Masculino,2,6,1,9.8,1,13.4,0,3.24,71.7,2,17,1,Bajo (1-2)
24.0,Masculino,3,8,1,3.0,0,8.6,1,2.72,63.8,1,15,1,Medio (3-4)
21.0,Masculino,4,2,0,16.1,0,42.4,0,2.33,64.2,1,18,0,Medio (3-4)
20.0,Femenino,5,6,0,25.3,0,5.8,1,3.59,85.4,0,21,0,Alto (5-6)
17.0,Femenino,4,9,0,11.8,1,30.2,0,2.69,71.4,2,13,1,Medio (3-4)
17.0,Femenino,3,9,0,17.2,1,3.8,1,2.77,87.1,3,18,1,Medio (3-4)
17.0,Femenino,3,10,1,10.4,0,0.6,1,3.0,80.5,1,21,0,Medio (3-4)
21.0,Masculino,4,3,0,14.1,0,19.6,1,2.97,92.5,3,14,1,Medio (3-4)
18.0,Femenino,4,2,0,13.0,0,15.0,1,2.95,73.7,1,16,0,Medio (3-4)
23.0,Femenino,2,6,1,1.0,0,27.5,1,3.01,81.3,0,17,0,Bajo (1-2)
21.0,Masculino,6,5,0,16.0,0,6.8,0,3.45,84.4,0,19,0,Alto (5-6)
20.0,Femenino,3,3,0,12.3,0,10.8,0,2.9,71.7,2,18,0,Medio (3-4)
19.0,Femenino,4,2,0,8.6,0,0.4,0,2.67,89.3,1,21,0,Medio (3-4)
22.0,Femenino,6,2,0,20.1,1,34.6,1,3.28,65.3,5,17,1,Alto (5-6)
19.0,Masculino,4,4,0,14.6,0,0.7,1,3.13,73.7,2,20,1,Medio (3-4)
18.0,Masculino,2,8,0,12.6,0,10.7,0,3.46,61.0,1,17,0,Bajo (1-2)
23.0,Femenino,3,1,0,22.0,1,1.1,0,3.07,70.6,1,15,0,Medio (3-4)
21.0,Masculino,1,2,1,0.8,1,33.5,0,3.37,73.5,1,18,0,Bajo (1-2)
20.0,Masculino,4,3,0,21.6,0,25.6,0,3.87,86.3,0,16,1,Medio (3-4)
22.0,Masculino,2,9,0,8.7,1,1.1,0,1.62,76.4,3,18,1,Bajo (1-2)
21.0,Femenino,4,10,1,14.6,0,1.2,0,3.3,69.0,0,18,1,Medio (3-4)
21.0,Femenino,5,5,0,10.5,1,2.5,1,3.59,66.5,2,12,0,Alto (5-6)
19.0,Masculino,2,1,0,8.5,0,24.1,0,3.18,65.9,2,17,1,Bajo (1-2)
25.0,Femenino,3,1,1,18.8,1,2.5,1,3.24,82.1,1,12,0,Medio (3-4)
19.0,Masculino,3,9,0,25.1,0,8.1,0,3.7,86.8,4,16,0,Medio (3-4)
24.0,Masculino,3,5,0,12.7,1,8.6,0,3.26,73.8,4,18,1,Medio (3-4)
20.0,Femenino,2,1,1,9.8,0,0.2,0,3.43,87.1,0,18,0,Bajo (1-2)
22.0,Masculino,1,9,0,14.3,0,1.6,0,2.54,68.5,0,13,1,Bajo (1-2)
22.0,Masculino,3,6,0,24.4,0,7.4,0,3.39,74.1,2,21,0,Medio (3-4)
23.0,Masculino,3,4,1,0.0,1,2.5,1,3.42,75.9,0,19,0,Medio (3-4)
19.0,Femenino,3,5,1,11.6,0,2.2,0,3.14,90.3,1,15,1,Medio (3-4)
23.0,Masculino,2,3,0,9.6,1,0.4,0,3.8,79.3,1,16,1,Bajo (1-2)
25.0,Masculino,3,10,0,0.0,0,2.9,0,4.09,60.0,0,13,0,Medio (3-4)
20.0,Masculino,3,8,0,11.8,1,4.0,0,2.89,87.5,0,15,0,Medio (3-4)
21.0,Masculino,2,2,1,18.3,1,0.3,0,2.82,93.5,4,18,1,Bajo (1-2)
19.0,Masculino,4,8,0,10.1,0,7.5,0,2.92,75.5,2,20,1,Medio (3-4)
20.0,Femenino,2,2,0,18.7,1,5.4,0,3.99,69.0,0,17,0,Bajo (1-2)
24.0,Femenino,3,5,0,21.2,1,1.3,1,4.17,90.6,2,14,1,Medio (3-4)
18.0,Femenino,5,8,1,6.2,0,9.2,0,4.01,94.6,1,21,1,Alto (5-6)
18.0,Femenino,3,1,0,14.7,0,13.7,0,3.24,86.5,2,17,0,Medio (3-4)
24.0,Femenino,3,8,0,3.7,0,6.7,0,3.01,61.8,0,19,0,Medio (3-4)
22.0,Masculino,1,3,1,3.2,0,1.8,0,2.39,82.5,4,19,0,Bajo (1-2)
25.0,Femenino,2,7,1,15.3,0,9.2,0,2.04,79.0,1,15,0,Bajo (1-2)
20.0,Masculino,1,5,1,8.3,0,9.4,1,2.95,69.5,1,12,0,Bajo (1-2)
21.0,Masculino,4,1,1,10.6,0,0.9,1,2.5,91.9,0,18,1,Medio (3-4)
19.0,Femenino,4,8,0,14.8,1,1.6,0,3.59,82.4,0,20,0,Medio (3-4)
21.0,Masculino,2,3,0,27.2,0,0.2,0,2.88,91.1,1,20,0,Bajo (1-2)
17.0,Masculino,2,10,0,11.4,0,1.3,0,2.74,67.4,1,20,0,Bajo (1-2)
22.0,Masculino,2,9,0,23.6,0,1.9,0,3.8,82.0,1,15,1,Bajo (1-2)
21.0,Femenino,3,2,0,14.8,0,4.9,1,3.45,73.0,1,21,0,Medio (3-4)
20.0,Masculino,3,7,1,23.3,1,28.6,0,3.63,77.5,0,12,1,Medio (3-4)
20.0,Masculino,4,4,0,6.7,1,2.2,1,3.83,96.8,0,15,0,Medio (3-4)
19.0,Masculino,5,7,1,10.7,1,6.8,0,3.87,60.7,2,18,1,Alto (5-6)
22.0,Masculino,2,6,0,11.6,1,13.8,0,2.78,64.3,1,15,1,Bajo (1-2)
18.0,Masculino,4,3,0,14.8,0,0.0,1,4.07,91.6,0,12,0,Medio (3-4)
22.0,Femenino,3,7,0,21.3,0,17.2,0,4.44,77.9,0,13,0,Medio (3-4)
25.0,Masculino,2,3,1,13.4,0,3.0,1,3.14,90.7,0,21,1,Bajo (1-2)
24.0,Femenino,5,10,0,21.3,1,7.6,1,3.58,73.9,0,16,1,Alto (5-6)
17.0,Masculino,1,10,0,10.0,1,18.9,0,3.02,78.5,5,13,1,Bajo (1-2)
19.0,Femenino,4,2,1,2.4,0,1.7,0,2.38,81.9,1,18,1,Medio (3-4)
21.0,Femenino,4,8,1,10.1,0,3.7,0,2.78,77.1,2,15,1,Medio (3-4)
20.0,Masculino,5,10,1,12.0,0,0.6,0,3.8,57.1,3,15,1,Alto (5-6)
17.0,Femenino,3,2,0,12.9,1,9.4,0,3.4,100.0,1,21,0,Medio (3-4)
21.0,Masculino,2,8,0,8.2,0,6.6,0,2.69,80.1,1,17,1,Bajo (1-2)
20.0,Femenino,4,10,0,21.2,0,6.6,0,3.09,64.6,0,12,0,Medio (3-4)
25.0,Masculino,4,3,1,7.4,0,5.5,1,2.55,82.1,1,21,0,Medio (3-4)
20.0,Masculino,3,6,0,22.6,1,1.3,1,3.53,86.3,2,12,0,Medio (3-4)
23.0,Femenino,4,8,0,14.1,1,1.9,0,3.69,87.9,2,18,1,Medio (3-4)
18.0,Masculino,2,4,1,13.5,0,14.8,0,2.78,84.3,1,13,0,Bajo (1-2)
18.0,Femenino,3,3,0,17.3,1,6.8,0,3.83,75.9,0,14,1,Medio (3-4)
22.0,Masculino,5,4,1,5.9,0,16.4,0,2.96,57.8,1,21,1,Alto (5-6)
23.0,Masculino,2,4,0,16.2,1,4.1,1,3.4,86.6,1,13,0,Bajo (1-2)
18.0,Masculino,3,8,1,18.8,0,21.0,1,3.96,62.6,2,21,1,Medio (3-4)
21.0,Femenino,6,4,1,11.7,0,6.3,1,3.55,91.2,1,14,1,Alto (5-6)
17.0,Femenino,4,4,0,19.4,0,4.2,0,2.77,70.7,2,15,1,Medio (3-4)
20.0,Masculino,5,10,0,18.2,0,3.8,1,2.88,88.3,2,21,1,Alto (5-6)
22.0,Masculino,3,6,0,15.8,0,9.5,1,3.2,75.4,2,19,0,Medio (3-4)
20.0,Femenino,6,10,0,15.1,0,0.2,0,3.46,73.1,0,14,0,Alto (5-6)
20.0,Femenino,2,8,0,17.3,0,9.5,0,4.06,70.0,1,19,1,Bajo (1-2)
18.0,Femenino,3,9,1,11.2,0,0.7,0,3.14,82.2,0,16,0,Medio (3-4)
19.0,Masculino,3,2,0,5.9,1,11.3,0,3.72,71.8,1,12,1,Medio (3-4)
24.0,Femenino,4,10,0,15.5,0,27.6,0,2.94,85.7,1,14,1,Medio (3-4)
21.0,Femenino,5,10,0,12.9,0,3.4,0,2.91,72.0,2,14,0,Alto (5-6)
18.0,Masculino,4,1,1,8.1,0,6.0,0,2.81,72.7,4,16,1,Medio (3-4)
20.0,Femenino,3,4,0,21.8,0,22.5,1,3.17,82.4,1,20,0,Medio (3-4)
17.0,Masculino,3,5,0,9.6,1,1.5,1,3.61,83.5,0,17,0,Medio (3-4)
18.0,Femenino,3,5,0,5.6,0,34.5,1,1.47,72.8,2,13,1,Medio (3-4)
23.0,Masculino,3,8,0,18.8,1,18.9,1,3.19,89.0,3,18,0,Medio (3-4)
20.0,Masculino,1,7,0,5.5,1,3.4,0,3.42,75.3,1,17,1,Bajo (1-2)
25.0,Masculino,3,3,0,2.4,0,6.8,1,2.55,87.4,0,15,1,Medio (3-4)
20.0,Femenino,5,7,0,19.4,0,6.3,0,4.01,77.8,1,14,1,Alto (5-6)
20.0,Masculino,4,10,0,15.0,1,16.8,1,4.37,87.9,0,19,0,Medio (3-4)
22.0,Masculino,4,5,1,14.9,1,5.0,1,3.31,74.9,1,17,0,Medio (3-4)
17.0,Femenino,3,10,1,4.2,0,8.5,0,3.38,67.1,3,16,1,Medio (3-4)
21.0,Femenino,3,7,1,5.3,0,1.2,0,4.05,79.3,2,13,0,Medio (3-4)
20.0,Femenino,1,10,1,2.5,0,10.6,0,2.91,70.1,3,13,1,Bajo (1-2)
24.0,Masculino,3,10,0,12.4,1,2.9,0,3.13,92.6,3,14,0,Medio (3-4)
23.0,Masculino,3,1,1,3.3,1,6.0,0,3.2,75.7,0,18,1,Medio (3-4)
18.0,Masculino,2,9,1,12.9,0,7.2,0,3.77,61.3,3,12,1,Bajo (1-2)
23.0,Masculino,1,2,1,9.1,0,0.3,0,2.99,69.1,0,12,0,Bajo (1-2)
20.0,Masculino,4,9,0,15.1,1,2.6,0,3.04,68.0,3,21,1,Medio (3-4)
19.0,Femenino,3,9,0,14.9,1,19.8,1,4.13,92.7,0,14,0,Medio (3-4)
21.0,Femenino,3,3,0,16.3,0,4.6,0,3.2,85.7,0,13,0,Medio (3-4)
20.0,Masculino,2,1,0,17.0,0,7.3,1,3.96,81.4,0,21,0,Bajo (1-2)
24.0,Femenino,3,5,0,11.9,0,0.8,0,3.27,80.9,1,16,1,Medio (3-4)
21.0,Masculino,3,4,0,15.1,1,38.3,0,4.19,77.1,0,12,0,Medio (3-4)
21.0,Masculino,3,6,0,15.4,0,26.3,0,2.87,86.6,1,16,1,Medio (3-4)
22.0,Femenino,3,1,1,0.0,0,6.2,1,2.17,84.2,2,12,1,Medio (3-4)
23.0,Masculino,1,1,0,17.9,1,0.3,0,3.83,85.0,3,15,0,Bajo (1-2)
22.0,Femenino,5,5,1,10.2,0,15.9,0,2.49,73.1,1,21,1,Alto (5-6)
24.0,Masculino,1,8,1,15.1,0,4.5,0,3.34,68.7,1,19,0,Bajo (1-2)
22.0,Masculino,3,4,0,6.3,0,2.6,0,3.66,84.7,2,16,0,Medio (3-4)
21.0,Masculino,2,4,1,9.2,0,6.4,0,2.12,90.5,2,15,1,Bajo (1-2)
23.0,Femenino,3,2,1,5.0,0,26.6,0,3.03,86.1,2,17,1,Medio (3-4)
20.0,Femenino,2,3,1,13.5,0,3.7,0,3.81,90.8,0,18,1,Bajo (1-2)
21.0,Femenino,5,3,0,5.6,0,1.9,1,2.84,83.6,1,19,0,Alto (5-6)
24.0,Femenino,3,3,1,5.5,0,18.5,0,2.38,65.3,2,17,1,Medio (3-4)
24.0,Femenino,3,4,1,14.3,1,6.1,0,3.11,66.2,6,12,1,Medio (3-4)
20.0,Femenino,2,3,1,8.4,1,4.1,0,2.56,88.8,0,20,1,Bajo (1-2)
20.0,Masculino,1,7,0,8.4,0,6.1,1,3.01,63.4,0,15,0,Bajo (1-2)
24.0,Femenino,3,4,0,19.4,1,3.6,0,3.34,93.0,1,20,1,Medio (3-4)
22.0,Femenino,3,8,0,19.7,0,5.5,0,3.23,70.1,1,20,0,Medio (3-4)
21.0,Masculino,3,7,0,18.3,1,12.4,0,3.66,97.2,1,14,0,Medio (3-4)
20.0,Masculino,6,7,0,19.1,1,1.9,1,4.25,81.3,0,17,0,Alto (5-6)
21.0,Masculino,4,6,1,9.8,0,3.6,0,3.21,82.2,1,19,1,Medio (3-4)
20.0,Masculino,6,10,0,12.8,0,12.6,1,3.85,100.0,1,15,0,Alto (5-6)
19.0,Masculino,2,3,0,10.1,0,4.2,1,3.84,78.7,2,19,0,Bajo (1-2)
21.0,Masculino,4,10,1,12.3,0,12.0,0,2.86,71.5,5,17,1,Medio (3-4)
21.0,Masculino,3,3,0,10.8,0,1.2,0,3.22,71.1,0,21,0,Medio (3-4)
20.0,Masculino,3,2,1,5.4,0,6.3,0,2.63,65.0,0,20,1,Medio (3-4)
22.0,Femenino,6,9,0,17.6,0,0.6,0,2.65,74.7,2,21,1,Alto (5-6)
23.0,Femenino,4,9,0,21.1,0,6.7,0,3.73,72.5,2,14,0,Medio (3-4)
23.0,Femenino,5,1,0,16.4,0,0.6,0,2.81,65.5,0,19,1,Alto (5-6)
20.0,Femenino,4,6,0,24.8,0,4.5,0,3.96,75.9,0,19,0,Medio (3-4)
22.0,Masculino,2,6,0,9.8,1,9.8,1,2.26,86.5,1,16,1,Bajo (1-2)
21.0,Femenino,4,3,0,3.0,0,6.4,0,2.82,69.0,2,13,1,Medio (3-4)
18.0,Femenino,3,6,0,18.3,0,9.3,0,2.64,76.4,1,14,0,Medio (3-4)
22.0,Femenino,5,7,0,9.4,1,5.1,0,3.36,92.1,1,17,1,Alto (5-6)
21.0,Masculino,4,6,1,8.5,0,0.6,0,2.78,60.8,2,20,1,Medio (3-4)
26.0,Femenino,1,6,1,0.0,1,24.3,0,2.36,94.3,4,21,1,Bajo (1-2)
24.0,Masculino,2,9,0,8.6,0,0.4,1,3.55,75.3,1,21,0,Bajo (1-2)
22.0,Masculino,1,3,1,5.7,0,6.2,0,2.7,77.0,1,21,0,Bajo (1-2)
21.0,Femenino,3,7,1,7.3,1,14.7,0,2.98,87.8,2,12,1,Medio (3-4)
21.0,Masculino,1,4,0,11.6,0,1.5,1,3.02,97.8,1,21,0,Bajo (1-2)
18.0,Femenino,4,10,1,12.7,0,18.3,0,3.42,79.7,2,17,0,Medio (3-4)
17.0,Femenino,3,3,1,16.6,0,2.7,0,3.87,68.1,0,12,1,Medio (3-4)
19.0,Masculino,4,9,0,18.1,1,0.5,0,3.83,70.2,2,13,0,Medio (3-4)
20.0,Masculino,2,7,1,0.0,1,0.1,0,2.37,69.3,3,14,1,Bajo (1-2)
17.0,Femenino,3,3,0,17.6,0,1.2,1,4.0,100.0,1,14,0,Medio (3-4)
19.0,Masculino,1,8,0,14.7,1,13.8,1,2.8,78.2,1,13,1,Bajo (1-2)
20.0,Femenino,5,3,0,13.4,0,5.4,0,2.83,81.2,0,15,0,Alto (5-6)
20.0,Masculino,2,3,0,13.9,1,6.4,0,3.16,67.6,1,17,0,Bajo (1-2)
19.0,Masculino,1,4,0,15.2,0,5.2,1,3.81,70.4,0,15,1,Bajo (1-2)
20.0,Masculino,2,7,1,5.5,0,6.9,0,2.26,75.3,3,18,1,Bajo (1-2)
24.0,Masculino,4,4,1,8.4,0,1.3,1,3.42,75.8,0,19,0,Medio (3-4)
22.0,Femenino,1,6,1,16.1,1,1.9,1,3.3,76.5,2,15,1,Bajo (1-2)
19.0,Masculino,3,6,0,9.8,0,14.9,0,2.82,63.2,0,12,1,Medio (3-4)
20.0,Masculino,4,2,0,7.8,0,2.3,0,3.5,77.3,1,15,1,Medio (3-4)
20.0,Masculino,4,3,0,13.6,1,1.6,0,2.81,93.5,1,18,0,Medio (3-4)
19.0,Femenino,2,4,0,7.2,0,14.1,0,4.07,69.5,3,15,0,Bajo (1-2)
19.0,Femenino,1,3,1,0.7,0,11.0,0,2.54,84.0,1,17,1,Bajo (1-2)
23.0,Femenino,3,10,1,7.1,0,13.8,0,3.0,40.4,3,20,1,Medio (3-4)
20.0,Femenino,2,4,0,22.7,0,0.7,0,4.39,70.0,2,19,1,Bajo (1-2)
18.0,Femenino,4,5,1,7.5,0,1.0,1,3.03,59.9,1,18,1,Medio (3-4)
20.0,Femenino,3,7,1,12.2,0,7.9,0,3.74,87.4,0,12,0,Medio (3-4)
21.0,Masculino,3,8,1,0.2,0,5.8,1,1.63,87.8,1,19,1,Medio (3-4)
17.0,Femenino,1,7,1,15.3,0,3.9,0,3.07,64.7,0,15,1,Bajo (1-2)
20.0,Masculino,3,6,0,14.6,1,9.3,1,3.45,84.9,1,16,0,Medio (3-4)
22.0,Masculino,2,10,0,10.0,0,18.7,1,3.59,94.0,2,18,0,Bajo (1-2)
21.0,Masculino,4,9,1,12.5,1,9.4,1,3.55,92.6,1,20,0,Medio (3-4)
25.0,Femenino,1,3,1,12.2,0,24.6,0,3.49,70.9,1,19,1,Bajo (1-2)
23.0,Femenino,6,2,0,7.6,0,2.5,1,3.47,59.9,2,15,0,Alto (5-6)
24.0,Masculino,4,4,1,13.1,0,1.9,0,3.42,66.0,1,16,1,Medio (3-4)
27.0,Masculino,2,9,1,17.2,0,1.4,1,2.3,86.7,3,15,0,Bajo (1-2)
22.0,Femenino,1,10,0,12.6,1,13.2,0,3.89,99.0,1,16,0,Bajo (1-2)
21.0,Masculino,2,8,0,8.8,0,20.2,0,2.58,77.5,2,19,1,Bajo (1-2)
23.0,Masculino,2,7,1,9.2,1,9.5,0,3.17,68.9,0,21,0,Bajo (1-2)
19.0,Masculino,2,3,0,19.1,1,0.5,0,3.55,100.0,1,15,0,Bajo (1-2)
21.0,Femenino,5,6,0,6.6,0,2.2,0,2.92,82.1,1,15,0,Alto (5-6)
19.0,Femenino,3,2,1,10.3,1,0.2,0,2.51,62.7,2,20,1,Medio (3-4)
21.0,Femenino,2,6,1,3.1,0,31.6,0,1.77,73.8,2,13,1,Bajo (1-2)
19.0,Masculino,3,2,0,15.5,0,3.6,1,2.79,92.0,2,15,0,Medio (3-4)
19.0,Femenino,2,1,0,10.6,0,0.9,0,3.49,77.3,1,21,1,Bajo (1-2)
21.0,Femenino,6,10,0,10.6,1,8.7,0,2.35,85.9,1,20,0,Alto (5-6)
20.0,Masculino,1,9,0,23.1,1,2.3,1,3.2,65.9,2,20,1,Bajo (1-2)
17.0,Femenino,4,7,1,1.5,1,25.3,0,2.88,60.7,0,20,1,Medio (3-4)
17.0,Femenino,4,7,0,16.9,1,8.7,1,2.85,74.7,2,14,1,Medio (3-4)
18.0,Femenino,1,3,1,23.6,0,9.8,0,3.39,72.2,1,12,0,Bajo (1-2)
19.0,Femenino,2,6,1,9.5,1,6.8,0,3.07,78.3,2,20,1,Bajo (1-2)
21.0,Femenino,3,8,1,2.5,1,1.4,0,2.86,81.4,1,16,0,Medio (3-4)
21.0,Femenino,5,6,0,6.3,1,0.7,1,2.36,100.0,3,14,0,Alto (5-6)
23.0,Masculino,3,3,1,6.7,0,4.5,1,2.97,71.6,0,16,0,Medio (3-4)
22.0,Masculino,4,4,1,11.5,1,22.3,1,3.32,75.9,1,20,0,Medio (3-4)
23.0,Femenino,4,9,0,15.4,0,0.1,0,2.65,70.9,2,16,1,Medio (3-4)
22.0,Masculino,4,3,0,6.4,1,33.8,1,2.99,92.8,3,18,0,Medio (3-4)
21.0,Femenino,3,10,1,4.8,1,8.0,0,2.46,86.3,0,17,1,Medio (3-4)
23.0,Masculino,3,8,0,9.1,1,2.4,0,3.07,73.5,1,16,1,Medio (3-4)
23.0,Femenino,4,9,1,8.5,0,10.2,0,3.34,95.7,0,21,0,Medio (3-4)
21.0,Masculino,2,6,1,20.5,0,2.8,1,3.43,71.9,0,21,0,Bajo (1-2)
23.0,Femenino,5,3,0,8.4,1,0.9,1,3.43,92.3,0,16,0,Alto (5-6)
17.0,Masculino,1,1,1,3.7,1,4.3,0,3.16,89.5,3,20,0,Bajo (1-2)
20.0,Femenino,2,6,1,3.7,1,2.4,1,3.22,65.4,0,19,0,Bajo (1-2)
20.0,Masculino,4,4,0,17.8,1,26.0,0,3.6,83.8,1,13,0,Medio (3-4)
23.0,Femenino,2,2,0,13.8,0,2.7,0,3.77,50.7,2,20,1,Bajo (1-2)
24.0,Masculino,2,10,0,8.6,1,2.9,0,3.18,86.2,0,19,0,Bajo (1-2)
17.0,Femenino,2,10,1,8.2,0,3.4,1,2.14,68.0,4,20,1,Bajo (1-2)
24.0,Masculino,3,4,1,5.5,0,8.7,0,2.45,80.7,0,19,1,Medio (3-4)
18.0,Masculino,4,7,1,11.7,0,7.6,0,3.02,82.5,2,21,1,Medio (3-4)
18.0,Masculino,1,5,0,30.1,0,19.5,1,3.91,93.2,0,17,0,Bajo (1-2)
20.0,Femenino,1,5,1,14.4,0,10.9,0,3.43,83.9,0,12,0,Bajo (1-2)
20.0,Femenino,3,7,0,13.4,1,0.7,1,2.8,82.6,0,14,0,Medio (3-4)
17.0,Femenino,6,5,1,4.4,0,22.9,0,3.8,71.2,1,13,0,Alto (5-6)
22.0,Femenino,2,9,0,5.9,1,0.6,0,2.82,77.3,2,14,1,Bajo (1-2)
22.0,Masculino,6,2,1,15.6,0,1.4,1,3.3,67.8,1,17,1,Alto (5-6)
23.0,Masculino,5,7,0,18.1,1,1.3,0,3.08,75.9,0,21,0,Alto (5-6)
20.0,Masculino,2,10,0,11.2,0,16.7,0,2.6,75.1,0,19,0,Bajo (1-2)
20.0,Masculino,4,9,0,21.3,1,14.9,0,3.49,70.1,1,16,0,Medio (3-4)
20.0,Masculino,4,1,0,14.1,0,12.7,1,3.25,64.6,0,16,1,Medio (3-4)
24.0,Masculino,3,2,0,18.6,0,33.3,0,3.4,65.2,2,17,1,Medio (3-4)
17.0,Masculino,3,7,0,15.8,0,1.2,1,4.14,50.5,0,16,0,Medio (3-4)
18.0,Femenino,4,10,0,12.9,0,0.1,1,3.12,78.9,2,17,0,Medio (3-4)
21.0,Masculino,4,9,0,8.3,0,0.8,0,2.93,81.6,1,21,0,Medio (3-4)
18.0,Masculino,4,10,1,10.1,0,2.2,0,3.46,48.2,2,13,0,Medio (3-4)
20.0,Femenino,6,2,0,19.1,0,8.9,0,3.37,80.4,0,15,0,Alto (5-6)
20.0,Femenino,3,6,1,8.8,1,9.9,0,3.27,73.8,3,12,1,Medio (3-4)
19.0,Masculino,4,8,0,16.6,0,0.1,0,2.71,66.2,3,20,0,Medio (3-4)
21.0,Masculino,5,7,0,7.5,0,13.7,0,2.3,73.7,1,13,1,Alto (5-6)
22.0,Masculino,2,8,0,18.7,0,11.6,0,3.5,88.5,0,18,0,Bajo (1-2)
20.0,Masculino,1,3,0,15.9,0,2.5,1,3.2,72.3,0,12,0,Bajo (1-2)
20.0,Femenino,3,5,1,6.5,0,21.8,0,2.49,75.8,0,16,1,Medio (3-4)
20.0,Femenino,5,5,1,6.6,0,13.9,0,2.96,78.5,5,20,1,Alto (5-6)
20.0,Masculino,2,10,0,19.6,1,2.9,0,3.59,69.8,2,21,1,Bajo (1-2)
17.0,Masculino,4,3,1,2.0,0,0.6,0,2.33,85.1,3,13,1,Medio (3-4)
22.0,Femenino,1,4,0,7.6,0,4.7,0,2.68,82.0,1,18,1,Bajo (1-2)
20.0,Masculino,3,1,1,8.8,0,7.0,1,3.11,76.5,0,14,0,Medio (3-4)
23.0,Femenino,3,2,0,26.8,1,1.1,0,3.3,100.0,0,19,0,Medio (3-4)
22.0,Masculino,2,10,1,5.7,0,4.4,0,2.55,85.1,1,17,1,Bajo (1-2)
23.0,Femenino,5,9,0,17.0,1,15.7,1,3.63,65.1,1,19,0,Alto (5-6)
18.0,Femenino,2,3,1,12.0,1,6.4,0,3.13,71.1,0,20,0,Bajo (1-2)
20.0,Femenino,5,8,0,10.5,0,14.9,1,2.83,100.0,1,15,1,Alto (5-6)
18.0,Femenino,2,6,1,8.1,0,3.3,0,2.51,65.2,0,12,1,Bajo (1-2)
19.0,Masculino,6,10,0,11.3,1,16.0,1,2.6,82.7,0,15,0,Alto (5-6)
23.0,Femenino,3,4,1,10.0,0,3.3,1,2.98,91.3,1,14,0,Medio (3-4)
24.0,Femenino,1,10,1,2.1,0,15.3,1,3.71,85.5,1,13,1,Bajo (1-2)
18.0,Masculino,1,4,1,9.8,1,7.6,0,3.32,83.0,0,19,0,Bajo (1-2)
19.0,Masculino,1,8,0,19.4,1,0.9,0,2.81,85.4,0,21,0,Bajo (1-2)
20.0,Femenino,3,4,1,12.6,0,3.9,1,3.52,79.3,0,17,1,Medio (3-4)
22.0,Femenino,4,7,0,20.5,0,13.4,0,3.14,70.1,2,17,1,Medio (3-4)
17.0,Femenino,3,4,1,13.7,0,2.2,0,3.21,79.3,1,17,1,Medio (3-4)
17.0,Masculino,3,9,0,13.6,1,13.8,0,2.92,74.0,4,20,1,Medio (3-4)
22.0,Femenino,3,7,1,7.2,0,0.9,0,3.93,70.2,1,12,1,Medio (3-4)
17.0,Femenino,3,3,1,3.6,0,0.9,0,2.19,89.8,1,17,0,Medio (3-4)
20.0,Femenino,4,10,1,4.0,0,5.1,0,2.93,71.2,0,20,1,Medio (3-4)
21.0,Masculino,3,8,1,9.9,1,8.8,0,2.7,92.1,2,13,0,Medio (3-4)
21.0,Femenino,4,5,0,14.9,0,15.2,0,3.64,80.6,0,17,0,Medio (3-4)
20.0,Masculino,6,2,0,24.3,0,11.4,0,3.84,76.4,1,12,0,Alto (5-6)
20.0,Femenino,3,10,1,14.8,1,10.3,0,3.89,56.8,0,20,0,Medio (3-4)
22.0,Masculino,1,8,1,2.9,0,9.5,1,3.09,100.0,1,18,0,Bajo (1-2)
21.0,Femenino,2,7,0,5.4,1,2.8,0,2.49,77.9,0,21,0,Bajo (1-2)
19.0,Femenino,3,9,1,8.1,1,15.1,0,4.42,52.3,1,14,0,Medio (3-4)
21.0,Femenino,2,7,0,18.9,0,3.5,1,3.73,91.9,0,19,1,Bajo (1-2)
21.0,Masculino,5,3,0,12.7,1,5.5,0,2.9,77.5,2,19,1,Alto (5-6)
24.0,Masculino,3,3,1,12.7,1,14.1,0,3.27,65.7,3,12,1,Medio (3-4)
22.0,Femenino,3,1,0,12.9,0,1.8,0,3.5,87.3,1,19,0,Medio (3-4)
23.0,Femenino,4,1,0,18.3,0,3.6,0,3.72,52.5,1,19,0,Medio (3-4)
19.0,Masculino,2,8,0,4.4,1,3.0,0,3.05,70.9,0,18,0,Bajo (1-2)
19.0,Masculino,4,9,0,23.6,0,55.1,0,4.15,75.0,1,17,1,Medio (3-4)
20.0,Femenino,1,2,0,7.3,0,11.0,1,3.36,90.5,1,20,0,Bajo (1-2)
20.0,Femenino,3,6,1,12.4,0,2.9,0,2.73,97.4,2,13,0,Medio (3-4)
18.0,Masculino,5,2,0,12.4,1,1.7,0,4.21,75.6,1,15,0,Alto (5-6)
23.0,Masculino,4,5,0,13.3,1,2.3,0,4.18,82.6,2,14,0,Medio (3-4)
22.0,Masculino,5,8,0,12.6,1,13.5,0,3.57,100.0,1,20,0,Alto (5-6)
20.0,Masculino,3,9,0,15.5,0,3.9,0,3.32,78.0,1,13,0,Medio (3-4)
22.0,Femenino,4,10,1,11.7,1,2.0,1,3.16,83.7,3,12,1,Medio (3-4)
21.0,Femenino,3,4,1,17.3,0,15.1,1,3.22,66.6,2,21,1,Medio (3-4)
22.0,Femenino,3,10,0,22.4,1,6.0,1,3.51,100.0,1,15,0,Medio (3-4)
18.0,Femenino,1,8,0,16.0,1,12.7,0,2.23,70.9,1,19,1,Bajo (1-2)
20.0,Femenino,2,4,1,21.9,0,14.0,0,4.35,77.7,0,14,1,Bajo (1-2)
20.0,Femenino,3,4,0,14.6,0,6.1,0,3.84,80.4,1,19,0,Medio (3-4)
22.0,Femenino,1,2,0,20.5,0,16.9,0,2.68,78.9,1,21,1,Bajo (1-2)
19.0,Masculino,4,10,0,16.6,0,2.6,0,3.79,73.7,0,19,1,Medio (3-4)
17.0,Femenino,4,3,0,10.7,1,0.3,0,3.08,80.4,2,14,0,Medio (3-4)
18.0,Femenino,5,3,0,15.1,0,4.0,0,3.18,95.6,0,18,1,Alto (5-6)
20.0,Masculino,1,5,0,17.0,1,4.5,0,3.61,100.0,0,20,1,Bajo (1-2)
21.0,Masculino,5,2,1,15.0,0,8.9,0,2.41,73.2,1,20,1,Alto (5-6)
24.0,Masculino,1,9,0,16.5,0,6.6,0,3.34,73.5,0,14,1,Bajo (1-2)
22.0,Masculino,3,7,0,19.2,1,19.1,0,3.5,69.9,1,14,0,Medio (3-4)
21.0,Masculino,4,2,1,11.2,0,23.3,0,3.14,100.0,2,16,0,Medio (3-4)
20.0,Femenino,1,2,1,0.0,1,7.8,0,1.92,76.3,0,14,0,Bajo (1-2)
23.0,Femenino,1,1,1,22.2,1,16.8,0,3.82,86.2,1,19,0,Bajo (1-2)
19.0,Masculino,1,10,1,10.6,0,25.2,0,3.61,82.0,1,17,1,Bajo (1-2)
20.0,Femenino,3,5,1,6.9,0,8.2,1,3.12,100.0,3,16,0,Medio (3-4)
18.0,Femenino,4,7,1,5.5,0,4.3,0,2.73,72.5,1,20,0,Medio (3-4)
24.0,Femenino,2,2,1,9.1,1,14.4,0,4.35,63.9,0,14,0,Bajo (1-2)
21.0,Femenino,2,3,0,10.6,0,17.1,0,2.62,96.6,2,20,0,Bajo (1-2)
19.0,Femenino,3,6,0,9.6,1,19.5,0,3.42,87.0,0,17,0,Medio (3-4)
20.0,Femenino,2,3,1,7.9,1,0.9,0,3.08,79.6,3,21,1,Bajo (1-2)
22.0,Masculino,4,7,0,17.2,0,6.1,0,4.38,93.4,1,17,1,Medio (3-4)
20.0,Masculino,5,10,0,26.2,1,5.1,0,3.97,83.1,0,19,0,Alto (5-6)
19.0,Femenino,4,4,1,13.3,0,12.9,1,3.5,94.7,3,13,0,Medio (3-4)
19.0,Masculino,5,7,0,20.7,0,6.1,1,3.79,84.5,0,14,0,Alto (5-6)
21.0,Femenino,3,10,1,5.6,0,25.7,0,2.32,84.0,4,17,1,Medio (3-4)
20.0,Masculino,4,9,0,14.6,1,19.6,0,2.82,83.3,2,14,0,Medio (3-4)
20.0,Masculino,2,1,0,16.6,0,0.1,1,3.21,78.7,0,12,0,Bajo (1-2)
18.0,Femenino,1,2,1,7.2,1,9.6,0,3.4,72.9,0,16,1,Bajo (1-2)
21.0,Masculino,4,10,0,11.4,0,5.3,1,3.23,78.1,0,14,0,Medio (3-4)
20.0,Masculino,1,10,1,15.3,1,2.9,1,3.18,81.7,2,18,1,Bajo (1-2)
20.0,Masculino,5,4,0,20.5,1,13.0,0,4.21,73.4,0,17,0,Alto (5-6)
21.0,Masculino,4,6,1,12.1,1,4.5,0,2.15,79.4,3,17,0,Medio (3-4)
22.0,Masculino,6,6,0,6.8,0,4.9,0,2.26,82.0,0,20,1,Alto (5-6)
22.0,Femenino,2,7,0,12.2,0,5.3,1,1.9,84.1,1,12,0,Bajo (1-2)
22.0,Masculino,3,8,0,5.4,0,12.9,0,3.44,80.2,3,19,0,Medio (3-4)
20.0,Masculino,4,4,1,12.0,0,5.7,0,3.09,69.3,0,16,0,Medio (3-4)
19.0,Masculino,2,9,0,15.5,1,0.5,0,3.78,75.2,0,18,0,Bajo (1-2)
18.0,Femenino,3,1,0,12.4,0,13.3,1,3.1,65.3,0,20,0,Medio (3-4)
19.0,Masculino,4,1,0,15.5,0,9.1,1,3.81,80.8,0,15,0,Medio (3-4)
21.0,Femenino,6,10,0,16.5,1,1.3,0,3.28,68.1,0,14,0,Alto (5-6)
19.0,Masculino,4,2,0,15.5,0,3.3,0,3.5,79.0,1,19,0,Medio (3-4)
21.0,Femenino,1,10,1,1.8,1,6.1,0,2.81,67.9,2,18,1,Bajo (1-2)
18.0,Masculino,3,3,0,12.5,0,13.6,1,3.33,61.5,2,13,0,Medio (3-4)
17.0,Masculino,3,4,1,13.2,0,2.4,1,4.03,100.0,1,14,1,Medio (3-4)
22.0,Femenino,2,1,0,23.5,1,25.7,0,2.84,75.7,2,20,1,Bajo (1-2)
19.0,Femenino,3,10,1,9.9,0,2.3,1,3.01,93.5,2,17,1,Medio (3-4)
19.0,Femenino,2,4,0,17.3,1,1.9,0,3.48,72.7,2,21,0,Bajo (1-2)
18.0,Masculino,1,2,0,19.3,0,24.2,0,3.49,95.0,0,19,0,Bajo (1-2)
21.0,Masculino,3,5,0,12.8,0,20.5,1,2.98,70.5,0,14,0,Medio (3-4)
24.0,Femenino,2,2,0,20.9,0,2.5,0,3.27,79.8,2,14,0,Bajo (1-2)
20.0,Femenino,3,8,0,21.2,0,8.1,1,4.32,71.1,4,21,0,Medio (3-4)
20.0,Femenino,2,1,1,16.0,1,13.3,0,3.29,100.0,1,19,1,Bajo (1-2)
23.0,Femenino,4,5,0,16.8,0,0.2,0,4.57,75.5,0,17,0,Medio (3-4)
17.0,Masculino,2,4,1,25.4,0,5.8,0,4.01,83.3,0,18,0,Bajo (1-2)
25.0,Masculino,5,1,1,3.6,1,12.0,0,2.62,79.5,2,16,1,Alto (5-6)
26.0,Femenino,1,1,1,19.1,0,29.6,0,3.73,74.7,1,15,1,Bajo (1-2)
17.0,Masculino,3,6,0,18.6,1,9.7,1,3.49,87.2,2,20,0,Medio (3-4)
20.0,Femenino,2,4,0,22.0,0,1.5,0,4.26,91.6,0,20,0,Bajo (1-2)
19.0,Masculino,2,2,1,6.0,1,0.1,0,2.29,81.7,1,21,1,Bajo (1-2)
20.0,Femenino,3,2,1,15.2,0,1.3,0,2.38,76.6,1,19,1,Medio (3-4)
20.0,Masculino,4,9,0,22.6,0,13.7,0,3.8,83.2,1,20,0,Medio (3-4)
22.0,Masculino,5,8,0,7.5,0,7.6,0,3.35,97.2,1,17,0,Alto (5-6)
20.0,Femenino,2,7,1,10.1,0,6.4,0,3.2,70.8,6,15,1,Bajo (1-2)
18.0,Masculino,2,9,0,1.2,0,16.3,0,2.99,59.5,3,12,1,Bajo (1-2)
20.0,Masculino,4,1,0,12.9,0,6.7,0,3.44,67.0,0,15,0,Medio (3-4)
22.0,Femenino,3,7,0,9.1,1,0.8,0,2.27,67.8,2,16,0,Medio (3-4)
18.0,Femenino,2,8,0,12.7,0,6.1,0,3.31,69.2,1,12,0,Bajo (1-2)
17.0,Masculino,4,3,1,28.8,1,21.2,0,4.56,66.5,0,15,0,Medio (3-4)
25.0,Femenino,3,6,1,18.4,0,1.0,1,3.52,78.8,6,21,1,Medio (3-4)
19.0,Femenino,4,8,0,5.4,0,60.0,0,2.19,80.5,1,14,1,Medio (3-4)
20.0,Femenino,3,7,0,17.3,0,16.7,1,3.21,84.4,0,15,1,Medio (3-4)
20.0,Masculino,3,3,1,13.9,0,1.7,0,3.5,67.7,0,18,0,Medio (3-4)
22.0,Femenino,2,7,1,7.1,1,1.3,1,3.82,88.9,0,20,0,Bajo (1-2)
24.0,Femenino,4,8,0,15.1,0,15.1,1,2.3,87.3,0,21,0,Medio (3-4)
22.0,Masculino,2,1,0,15.7,1,36.3,0,3.49,93.8,0,20,0,Bajo (1-2)
17.0,Masculino,4,6,0,5.9,0,0.1,0,2.4,86.5,1,13,0,Medio (3-4)
17.0,Masculino,4,6,1,6.6,0,8.3,0,3.15,71.5,1,13,0,Medio (3-4)
20.0,Femenino,4,4,1,12.6,0,5.8,1,3.46,92.1,0,19,0,Medio (3-4)
20.0,Masculino,1,1,1,12.7,1,3.1,0,3.05,77.7,5,20,1,Bajo (1-2)
17.0,Masculino,2,1,1,3.5,0,2.3,0,3.07,83.0,0,18,0,Bajo (1-2)
22.0,Femenino,3,8,0,9.2,1,1.1,0,3.59,85.2,0,21,0,Medio (3-4)
18.0,Masculino,3,9,1,13.8,0,3.8,0,3.14,73.8,3,18,0,Medio (3-4)
24.0,Femenino,5,5,0,19.3,0,16.7,1,2.8,83.0,4,15,1,Alto (5-6)
25.0,Femenino,3,10,0,13.5,1,0.9,0,3.92,76.7,0,20,1,Medio (3-4)
20.0,Femenino,5,10,0,23.7,0,22.4,0,4.08,69.5,0,19,1,Alto (5-6)
21.0,Masculino,2,7,0,9.8,1,9.4,0,3.32,56.6,0,15,0,Bajo (1-2)
18.0,Femenino,3,6,0,15.2,0,0.6,0,2.94,71.1,2,17,1,Medio (3-4)
22.0,Femenino,1,10,0,11.9,1,12.0,1,3.63,84.0,1,17,1,Bajo (1-2)
19.0,Femenino,4,7,1,16.3,0,3.5,1,4.35,89.9,0,12,0,Medio (3-4)
18.0,Femenino,2,10,1,5.5,1,4.3,0,2.79,83.0,0,14,1,Bajo (1-2)
20.0,Femenino,2,10,0,25.6,0,8.4,0,3.8,75.2,1,14,0,Bajo (1-2)
19.0,Masculino,4,2,0,3.9,1,7.6,0,2.24,71.2,1,14,1,Medio (3-4)
20.0,Femenino,3,7,0,24.3,0,31.2,0,3.33,76.2,2,17,1,Medio (3-4)
23.0,Femenino,1,8,1,10.7,1,12.6,0,2.54,65.2,2,17,1,Bajo (1-2)
19.0,Masculino,1,9,1,14.5,1,6.0,1,3.32,57.8,2,20,1,Bajo (1-2)
24.0,Femenino,3,4,1,20.2,1,4.6,0,3.34,59.5,1,12,1,Medio (3-4)
18.0,Masculino,2,9,1,15.9,0,3.3,0,3.5,88.7,0,20,0,Bajo (1-2)
24.0,Femenino,2,5,0,9.6,0,0.2,0,2.59,96.6,0,14,0,Bajo (1-2)
18.0,Femenino,3,4,1,17.5,1,15.7,0,3.3,82.5,2,15,0,Medio (3-4)
20.0,Femenino,2,2,1,22.8,0,3.5,0,3.15,74.4,2,13,1,Bajo (1-2)
19.0,Femenino,3,4,0,8.7,1,10.2,0,3.08,64.1,0,12,0,Medio (3-4)
20.0,Femenino,3,10,1,23.9,0,5.9,0,2.86,73.4,1,13,0,Medio (3-4)
22.0,Masculino,2,8,0,16.3,0,12.5,0,3.41,84.1,0,14,0,Bajo (1-2)
24.0,Femenino,2,8,0,11.4,0,4.1,0,2.97,86.3,0,15,0,Bajo (1-2)
23.0,Masculino,2,9,1,3.2,1,18.0,1,2.84,85.9,1,15,1,Bajo (1-2)
20.0,Masculino,1,3,0,12.7,0,5.4,0,2.34,90.1,4,13,0,Bajo (1-2)
21.0,Femenino,2,7,0,2.3,0,0.6,0,3.03,97.4,1,15,0,Bajo (1-2)
19.0,Femenino,5,4,0,11.5,1,3.2,1,2.97,77.9,2,13,1,Alto (5-6)
18.0,Femenino,4,9,1,6.7,0,6.4,0,3.01,100.0,3,18,0,Medio (3-4)
18.0,Femenino,3,5,0,7.6,1,18.4,0,2.0,57.8,2,18,1,Medio (3-4)
20.0,Femenino,3,9,1,17.6,0,5.2,1,2.77,71.2,1,12,1,Medio (3-4)
21.0,Masculino,3,8,1,8.6,0,0.4,0,2.79,77.0,1,18,1,Medio (3-4)
17.0,Masculino,4,8,0,10.2,0,5.8,1,3.75,87.5,0,21,0,Medio (3-4)
20.0,Femenino,2,10,1,5.9,0,7.0,0,3.13,73.2,1,21,0,Bajo (1-2)
24.0,Masculino,2,8,1,13.3,1,5.9,1,3.26,74.0,1,12,0,Bajo (1-2)
23.0,Masculino,2,4,1,10.1,0,47.7,0,2.59,97.0,2,21,1,Bajo (1-2)
19.0,Femenino,1,6,1,5.5,0,4.4,0,2.29,69.6,0,16,1,Bajo (1-2)
17.0,Masculino,2,5,0,14.8,0,12.8,1,3.4,71.8,1,20,0,Bajo (1-2)
22.0,Masculino,5,1,0,13.7,0,11.1,0,3.57,94.9,1,14,0,Alto (5-6)
17.0,Masculino,5,6,0,7.2,1,3.5,0,3.03,86.5,5,18,0,Alto (5-6)
23.0,Masculino,1,5,0,12.3,0,0.5,0,4.01,88.9,0,20,0,Bajo (1-2)
20.0,Femenino,3,4,1,13.1,0,10.1,0,2.85,77.0,1,14,0,Medio (3-4)
25.0,Femenino,3,2,1,14.3,0,11.8,0,3.33,61.2,2,19,1,Medio (3-4)
17.0,Masculino,3,6,0,12.6,1,9.4,0,2.32,78.8,2,13,0,Medio (3-4)
23.0,Femenino,3,6,0,18.1,0,7.3,0,3.52,62.9,2,19,1,Medio (3-4)
20.0,Femenino,1,2,0,8.1,0,16.5,1,3.7,84.4,0,21,1,Bajo (1-2)
20.0,Masculino,4,7,0,8.3,1,4.5,1,2.45,88.5,1,14,1,Medio (3-4)
17.0,Femenino,6,2,1,8.3,0,2.4,1,3.39,89.8,2,21,0,Alto (5-6)
22.0,Femenino,4,2,0,23.0,1,5.4,0,4.35,77.1,1,18,0,Medio (3-4)
22.0,Masculino,4,5,0,15.0,0,20.5,0,2.93,85.5,1,17,0,Medio (3-4)
24.0,Femenino,3,4,1,10.2,1,8.5,0,3.29,66.0,1,15,1,Medio (3-4)
23.0,Femenino,2,10,0,23.3,0,1.7,0,4.44,87.7,1,17,0,Bajo (1-2)
19.0,Masculino,2,1,0,12.3,0,1.8,0,3.27,84.7,2,21,0,Bajo (1-2)
18.0,Femenino,3,4,1,21.1,0,7.1,1,3.94,71.0,0,12,0,Medio (3-4)
17.0,Femenino,1,8,0,10.9,0,4.9,0,2.2,83.3,5,20,0,Bajo (1-2)
24.0,Femenino,4,3,1,4.5,0,1.1,0,3.1,85.9,0,13,0,Medio (3-4)
19.0,Masculino,3,10,1,9.9,0,9.8,0,3.3,75.8,1,20,1,Medio (3-4)
24.0,Femenino,3,8,1,5.0,0,17.1,0,2.16,66.8,1,17,1,Medio (3-4)
22.0,Femenino,2,10,0,9.2,1,2.7,0,2.53,79.8,1,20,0,Bajo (1-2)
21.0,Femenino,6,10,0,29.6,0,7.1,0,4.23,83.5,0,13,0,Alto (5-6)
20.0,Femenino,2,2,1,9.9,1,0.4,1,2.89,70.7,1,12,1,Bajo (1-2)
22.0,Masculino,2,5,0,16.8,1,2.6,0,3.91,67.9,0,16,0,Bajo (1-2)
20.0,Femenino,2,8,1,4.2,0,49.5,0,2.95,80.2,0,19,0,Bajo (1-2)
20.0,Masculino,4,1,1,6.0,1,12.4,1,2.9,87.2,2,19,1,Medio (3-4)
22.0,Femenino,6,5,0,20.2,1,1.1,1,3.42,100.0,1,19,0,Alto (5-6)
20.0,Femenino,2,7,0,3.9,1,13.8,1,2.92,88.7,1,20,1,Bajo (1-2)
19.0,Masculino,5,8,1,6.2,0,10.0,0,3.28,62.9,3,19,0,Alto (5-6)
22.0,Femenino,2,5,0,12.5,0,6.4,0,3.43,98.4,1,20,0,Bajo (1-2)
20.0,Femenino,3,9,0,22.1,1,5.8,0,3.38,88.5,2,13,0,Medio (3-4)
22.0,Masculino,1,7,0,11.8,1,4.6,1,3.75,61.9,3,14,0,Bajo (1-2)
20.0,Femenino,3,1,0,16.5,0,0.8,1,3.67,71.7,1,12,0,Medio (3-4)
18.0,Masculino,4,3,0,14.2,0,15.7,0,3.43,73.1,2,16,0,Medio (3-4)
24.0,Masculino,3,10,1,16.0,1,8.9,0,3.36,83.4,1,14,0,Medio (3-4)
24.0,Femenino,2,1,1,0.0,1,2.8,0,2.85,51.2,2,18,0,Bajo (1-2)
22.0,Femenino,4,2,0,18.4,1,0.3,0,2.51,76.8,0,17,0,Medio (3-4)
20.0,Femenino,6,4,1,9.7,1,0.4,0,3.16,82.8,1,17,1,Alto (5-6)
20.0,Femenino,3,10,1,17.1,0,0.5,0,4.19,46.7,1,18,1,Medio (3-4)
24.0,Femenino,3,8,0,9.1,0,4.7,0,3.12,85.5,3,21,0,Medio (3-4)
20.0,Masculino,4,2,0,14.1,0,12.5,0,3.28,86.7,1,13,1,Medio (3-4)
19.0,Femenino,2,4,1,9.5,0,3.0,0,2.73,66.5,0,14,1,Bajo (1-2)
25.0,Masculino,5,10,0,8.0,0,11.1,0,3.21,66.5,2,16,0,Alto (5-6)
20.0,Femenino,2,3,1,4.7,1,0.0,0,2.71,66.4,1,12,0,Bajo (1-2)
24.0,Femenino,4,6,0,10.5,0,3.6,0,3.73,51.3,0,20,0,Medio (3-4)
17.0,Femenino,1,5,1,11.9,0,25.1,0,2.7,71.7,3,15,1,Bajo (1-2)
22.0,Masculino,2,8,1,5.6,0,6.2,0,2.63,77.2,1,13,0,Bajo (1-2)
25.0,Femenino,3,8,0,12.0,0,5.1,1,2.84,69.8,2,17,1,Medio (3-4)
21.0,Femenino,3,9,1,0.0,0,19.2,0,3.52,84.7,2,13,1,Medio (3-4)
20.0,Masculino,5,2,0,11.8,0,2.4,0,3.04,79.0,0,15,0,Alto (5-6)
18.0,Masculino,6,5,1,15.0,0,0.7,0,3.0,77.6,1,18,1,Alto (5-6)
23.0,Femenino,1,7,1,10.3,0,8.9,0,2.02,71.0,3,15,1,Bajo (1-2)
19.0,Masculino,2,5,1,8.0,1,11.5,0,2.5,82.4,3,20,1,Bajo (1-2)
20.0,Femenino,3,7,1,8.3,1,7.2,1,3.24,91.9,2,14,0,Medio (3-4)
18.0,Femenino,3,7,0,9.0,1,2.7,0,3.27,73.9,0,13,0,Medio (3-4)
24.0,Femenino,3,4,0,23.7,0,7.8,0,3.34,85.6,2,16,0,Medio (3-4)
23.0,Femenino,5,2,1,22.4,0,8.4,1,3.31,86.7,2,13,0,Alto (5-6)
20.0,Femenino,4,10,1,9.3,0,4.9,0,3.95,79.2,1,18,0,Medio (3-4)
18.0,Masculino,1,9,1,24.1,1,0.8,0,5.0,91.8,0,17,0,Bajo (1-2)
24.0,Femenino,3,9,0,9.9,0,18.6,0,3.62,70.7,1,13,0,Medio (3-4)
20.0,Masculino,3,3,1,7.6,0,23.8,0,3.72,70.8,0,15,0,Medio (3-4)
18.0,Masculino,3,4,0,9.7,1,21.5,1,3.92,74.2,2,20,0,Medio (3-4)
17.0,Masculino,2,4,1,8.0,1,7.8,1,4.07,86.3,1,20,0,Bajo (1-2)
19.0,Masculino,3,1,0,27.9,0,2.0,0,3.7,75.3,2,18,0,Medio (3-4)
17.0,Masculino,3,2,0,12.3,1,6.9,0,2.71,71.0,5,21,1,Medio (3-4)
19.0,Masculino,2,4,1,4.5,0,2.4,0,3.72,91.6,0,13,0,Bajo (1-2)
22.0,Femenino,4,10,0,8.6,0,10.0,0,2.51,96.1,4,19,1,Medio (3-4)
20.0,Femenino,2,3,1,14.8,0,2.6,0,2.75,71.7,3,12,1,Bajo (1-2)
21.0,Femenino,3,6,0,20.0,1,13.2,1,3.0,68.3,0,17,0,Medio (3-4)
19.0,Masculino,3,6,0,11.1,0,2.8,0,3.03,96.6,1,12,0,Medio (3-4)
21.0,Femenino,5,4,0,2.7,1,2.2,0,1.73,82.7,1,15,0,Alto (5-6)
25.0,Masculino,2,10,0,7.2,0,4.7,1,2.21,86.2,3,12,1,Bajo (1-2)
20.0,Femenino,1,1,0,24.3,1,7.2,1,3.38,83.1,2,14,0,Bajo (1-2)
21.0,Masculino,2,9,1,11.3,1,20.4,0,2.51,67.0,2,18,0,Bajo (1-2)
17.0,Femenino,3,8,1,12.9,1,2.6,0,3.71,70.9,2,19,1,Medio (3-4)
24.0,Femenino,2,4,0,25.2,1,19.8,1,3.74,88.8,1,21,0,Bajo (1-2)
19.0,Femenino,4,8,0,25.7,1,10.2,0,4.05,73.5,1,21,0,Medio (3-4)
23.0,Femenino,2,5,0,13.8,1,8.6,0,3.45,82.3,0,13,1,Bajo (1-2)
20.0,Femenino,1,10,0,13.9,0,14.1,0,3.12,78.1,1,21,1,Bajo (1-2)
22.0,Femenino,3,1,0,10.5,1,2.6,1,3.57,71.4,0,14,0,Medio (3-4)
22.0,Femenino,4,1,0,12.3,0,3.8,0,3.38,94.2,0,20,0,Medio (3-4)
20.0,Femenino,5,6,0,5.1,0,0.2,0,2.67,83.9,1,20,1,Alto (5-6)
23.0,Femenino,4,10,0,5.1,0,11.8,0,1.99,81.3,1,21,1,Medio (3-4)
19.0,Femenino,3,1,1,1.9,0,0.9,1,2.95,84.6,1,17,1,Medio (3-4)
22.0,Femenino,4,8,0,20.5,0,17.0,0,2.89,60.1,1,19,1,Medio (3-4)
20.0,Femenino,4,10,1,0.0,0,7.7,0,2.79,70.1,2,16,1,Medio (3-4)
21.0,Femenino,2,5,0,25.7,0,12.8,0,3.8,62.7,0,12,1,Bajo (1-2)
19.0,Femenino,3,9,1,5.9,1,5.0,0,2.19,76.2,3,16,0,Medio (3-4)
21.0,Femenino,4,8,0,24.4,1,9.2,1,3.83,85.3,2,14,0,Medio (3-4)
18.0,Masculino,2,3,1,9.8,0,0.0,0,3.14,76.4,1,13,0,Bajo (1-2)
21.0,Masculino,4,9,0,4.6,1,0.4,1,2.9,93.8,4,13,1,Medio (3-4)
21.0,Masculino,3,7,0,21.7,0,9.5,0,3.65,63.0,0,14,0,Medio (3-4)
19.0,Femenino,3,1,1,16.7,0,8.1,0,3.03,67.0,2,19,1,Medio (3-4)
20.0,Masculino,1,6,1,2.0,1,6.2,0,2.98,79.1,0,21,0,Bajo (1-2)
21.0,Femenino,4,7,0,12.0,0,20.3,0,2.8,80.6,1,20,0,Medio (3-4)
19.0,Masculino,5,9,0,8.6,1,1.4,1,2.45,68.8,2,18,0,Alto (5-6)
20.0,Masculino,2,8,0,13.3,0,10.1,1,3.53,94.0,0,20,1,Bajo (1-2)
18.0,Masculino,3,5,1,11.9,0,5.3,0,3.6,90.4,3,14,1,Medio (3-4)
26.0,Masculino,1,3,0,11.9,0,11.8,0,3.44,82.3,3,21,0,Bajo (1-2)
23.0,Femenino,1,2,0,3.1,1,6.5,1,2.64,66.9,1,21,0,Bajo (1-2)
21.0,Masculino,6,1,1,6.2,0,11.0,0,1.91,76.6,2,13,1,Alto (5-6)
23.0,Masculino,3,7,1,13.5,0,4.7,1,3.95,82.4,1,15,0,Medio (3-4)
17.0,Femenino,3,10,0,12.7,0,6.6,0,2.2,75.3,3,14,0,Medio (3-4)
17.0,Masculino,2,1,0,12.0,1,10.3,0,3.43,91.5,0,13,0,Bajo (1-2)
20.0,Femenino,6,8,0,8.4,0,2.3,0,4.03,76.8,0,13,1,Alto (5-6)
17.0,Masculino,2,6,1,4.5,1,6.0,0,2.88,96.0,4,21,0,Bajo (1-2)
20.0,Masculino,4,2,1,17.9,0,16.1,1,3.55,86.8,1,13,0,Medio (3-4)
21.0,Femenino,2,3,1,4.0,0,7.0,0,2.97,77.8,1,18,0,Bajo (1-2)
23.0,Masculino,1,3,1,13.9,0,0.7,0,3.32,84.2,0,20,0,Bajo (1-2)
18.0,Femenino,4,7,0,14.3,0,2.9,0,4.42,93.3,0,19,0,Medio (3-4)
21.0,Masculino,1,3,0,15.5,1,21.2,0,2.87,87.0,1,16,0,Bajo (1-2)
21.0,Masculino,4,9,0,9.6,1,3.1,1,2.55,81.2,1,12,0,Medio (3-4)
21.0,Masculino,2,4,1,5.2,0,7.4,0,2.67,68.4,1,16,1,Bajo (1-2)
19.0,Masculino,4,2,0,14.0,0,10.7,1,4.1,70.8,2,14,1,Medio (3-4)
24.0,Femenino,4,1,0,10.9,0,10.1,0,2.8,53.6,0,20,1,Medio (3-4)
20.0,Femenino,4,5,1,13.1,1,11.7,0,3.4,76.7,1,21,0,Medio (3-4)
24.0,Femenino,1,5,0,16.7,1,8.7,0,3.89,74.1,0,14,1,Bajo (1-2)
19.0,Femenino,4,8,1,26.5,1,5.4,0,4.18,71.7,0,13,1,Medio (3-4)
22.0,Femenino,6,5,0,15.7,0,0.2,0,3.81,88.3,2,20,1,Alto (5-6)
20.0,Femenino,2,2,0,2.5,0,6.5,0,3.42,76.9,0,20,1,Bajo (1-2)
20.0,Femenino,2,3,1,20.2,1,5.0,0,3.66,94.0,1,21,0,Bajo (1-2)
22.0,Femenino,4,6,0,12.8,0,4.4,0,2.95,72.3,1,19,1,Medio (3-4)
20.0,Masculino,2,4,0,26.1,1,9.1,1,3.85,72.3,2,16,1,Bajo (1-2)
17.0,Femenino,4,7,1,18.9,1,2.3,1,3.28,66.4,5,15,1,Medio (3-4)
17.0,Masculino,4,10,0,11.0,1,1.5,0,4.35,85.2,2,12,1,Medio (3-4)
23.0,Femenino,1,4,1,14.5,1,5.4,1,2.99,90.5,5,20,0,Bajo (1-2)
23.0,Femenino,3,6,1,7.6,0,3.3,1,3.18,73.1,0,21,1,Medio (3-4)
25.0,Femenino,3,9,1,10.5,1,7.0,1,2.32,68.4,1,21,0,Medio (3-4)
20.0,Femenino,2,3,0,18.1,0,6.6,0,3.48,93.3,2,17,1,Bajo (1-2)
18.0,Femenino,5,6,0,20.7,1,7.0,0,3.39,63.5,3,20,1,Alto (5-6)
20.0,Femenino,2,4,1,13.5,0,5.4,0,3.54,85.1,1,12,0,Bajo (1-2)
21.0,Femenino,3,7,1,8.1,1,1.5,1,3.31,73.3,3,16,0,Medio (3-4)
18.0,Femenino,4,8,1,22.1,1,13.3,0,4.3,79.0,1,13,0,Medio (3-4)
24.0,Masculino,2,2,0,11.8,0,0.5,0,3.8,88.8,0,17,0,Bajo (1-2)
25.0,Femenino,4,2,1,4.9,0,17.1,1,2.79,83.8,4,12,1,Medio (3-4)
22.0,Masculino,1,1,0,5.5,0,14.6,1,2.38,79.0,3,15,1,Bajo (1-2)
20.0,Femenino,3,1,0,22.8,1,13.3,0,3.21,92.0,0,16,0,Medio (3-4)
18.0,Masculino,1,1,1,6.3,1,11.5,1,3.03,81.9,1,13,0,Bajo (1-2)
24.0,Masculino,4,8,1,8.2,0,18.7,1,3.05,100.0,2,12,0,Medio (3-4)
21.0,Masculino,4,10,1,7.2,1,20.8,0,3.05,57.9,0,21,1,Medio (3-4)
20.0,Masculino,4,5,1,9.9,1,4.6,1,2.78,61.8,2,14,1,Medio (3-4)
22.0,Femenino,6,9,1,5.4,1,32.5,0,3.56,84.9,0,21,0,Alto (5-6)
19.0,Masculino,4,8,1,12.8,0,5.2,0,2.44,74.7,2,15,1,Medio (3-4)
21.0,Femenino,4,9,0,13.4,1,1.8,1,2.91,89.9,3,12,0,Medio (3-4)
17.0,Masculino,3,8,0,16.6,1,22.7,0,2.81,67.0,1,13,0,Medio (3-4)
23.0,Masculino,5,2,1,12.0,0,2.0,0,3.04,75.5,2,18,1,Alto (5-6)
20.0,Femenino,3,6,0,11.4,1,0.9,1,3.74,86.6,0,12,0,Medio (3-4)
23.0,Masculino,5,6,0,5.2,0,24.4,0,2.69,72.6,0,21,1,Alto (5-6)
20.0,Femenino,2,7,1,0.0,1,0.5,0,2.65,77.3,0,14,1,Bajo (1-2)
20.0,Masculino,3,8,0,32.2,1,13.8,0,4.38,64.4,0,18,0,Medio (3-4)
18.0,Masculino,4,2,1,21.0,1,42.1,0,3.38,78.9,2,16,0,Medio (3-4)
22.0,Femenino,2,7,0,22.0,0,10.5,0,3.78,92.5,1,12,1,Bajo (1-2)
19.0,Masculino,2,9,0,10.0,0,11.4,0,3.17,65.6,2,19,0,Bajo (1-2)
19.0,Masculino,6,2,0,14.1,0,8.2,1,2.67,69.0,0,12,1,Alto (5-6)
21.0,Femenino,3,5,1,8.9,1,4.5,0,2.77,86.9,0,19,1,Medio (3-4)
21.0,Femenino,2,9,1,3.3,1,2.5,0,2.93,61.8,3,17,0,Bajo (1-2)
17.0,Femenino,2,1,0,10.5,0,38.7,0,3.71,86.4,1,15,0,Bajo (1-2)
20.0,Masculino,3,2,0,22.0,0,18.2,0,4.23,78.6,0,21,0,Medio (3-4)
22.0,Femenino,3,9,0,19.0,1,7.7,0,4.5,73.8,1,14,0,Medio (3-4)
20.0,Masculino,5,2,1,3.3,0,0.9,0,2.99,89.7,1,14,0,Alto (5-6)
20.0,Masculino,6,8,1,8.0,0,0.4,0,2.75,84.3,2,18,0,Alto (5-6)
21.0,Femenino,4,10,1,14.9,0,2.9,0,3.24,77.8,1,15,1,Medio (3-4)
20.0,Femenino,4,5,0,10.6,0,2.1,0,3.02,56.5,0,16,1,Medio (3-4)
18.0,Masculino,2,5,1,10.5,1,35.2,0,2.87,82.1,2,19,0,Bajo (1-2)
20.0,Masculino,5,5,0,16.4,1,12.3,0,3.53,67.3,0,21,0,Alto (5-6)
23.0,Femenino,2,4,0,16.3,0,1.1,0,3.55,75.8,1,20,1,Bajo (1-2)
18.0,Femenino,1,4,1,12.0,0,21.9,0,2.55,75.1,4,12,1,Bajo (1-2)
20.0,Femenino,6,6,0,10.1,1,9.1,0,3.6,97.0,1,21,0,Alto (5-6)
17.0,Masculino,5,9,0,10.7,1,4.7,1,2.16,79.5,3,16,0,Alto (5-6)
23.0,Femenino,2,10,1,0.0,0,2.3,0,2.49,60.8,4,20,1,Bajo (1-2)
20.0,Masculino,4,9,0,4.6,1,16.1,0,3.38,92.7,2,14,0,Medio (3-4)
19.0,Femenino,3,2,1,8.6,1,9.7,0,3.29,82.3,0,17,0,Medio (3-4)
21.0,Masculino,2,4,1,15.4,1,1.7,0,3.11,82.6,2,21,1,Bajo (1-2)
18.0,Femenino,2,8,1,4.6,0,16.3,0,3.79,89.9,1,21,0,Bajo (1-2)
18.0,Femenino,2,6,0,15.6,0,35.0,0,3.08,95.2,1,18,0,Bajo (1-2)
17.0,Masculino,3,4,1,14.1,0,1.8,0,2.23,66.1,0,18,0,Medio (3-4)
18.0,Masculino,3,4,0,3.0,1,5.5,0,2.96,64.1,1,12,1,Medio (3-4)
23.0,Femenino,3,2,0,12.4,1,1.8,0,2.27,86.4,1,18,1,Medio (3-4)
19.0,Femenino,2,4,0,23.9,0,20.6,1,3.26,79.4,1,16,0,Bajo (1-2)
22.0,Femenino,5,5,1,13.0,0,1.7,1,3.5,77.3,1,12,0,Alto (5-6)
19.0,Femenino,3,5,1,1.7,0,1.8,0,2.45,63.8,1,21,1,Medio (3-4)
22.0,Femenino,5,6,1,15.6,0,20.9,1,3.59,84.8,0,16,0,Alto (5-6)
18.0,Masculino,1,3,0,9.5,1,4.2,0,2.45,82.0,1,19,0,Bajo (1-2)
21.0,Femenino,3,3,0,18.1,0,23.7,0,3.85,76.4,2,12,0,Medio (3-4)
21.0,Masculino,4,9,1,5.6,1,0.6,0,2.0,61.1,1,14,0,Medio (3-4)
26.0,Femenino,2,5,1,9.1,0,12.1,1,3.67,91.1,1,20,0,Bajo (1-2)
22.0,Femenino,2,3,0,10.8,1,11.0,0,2.85,80.6,2,21,1,Bajo (1-2)
19.0,Masculino,2,7,1,10.0,1,2.5,1,3.82,90.2,1,12,0,Bajo (1-2)
22.0,Femenino,2,6,1,8.9,0,0.6,0,2.58,54.0,1,20,0,Bajo (1-2)
25.0,Masculino,3,6,0,12.7,1,0.1,0,4.13,78.6,0,15,0,Medio (3-4)
17.0,Femenino,2,3,0,6.9,1,16.2,0,2.43,70.8,0,14,0,Bajo (1-2)
19.0,Masculino,2,8,0,16.9,1,23.0,0,2.47,78.4,6,21,0,Bajo (1-2)
20.0,Masculino,3,2,1,11.5,0,7.4,1,3.14,88.4,0,17,0,Medio (3-4)
20.0,Masculino,1,9,1,0.0,0,3.9,0,3.22,78.7,1,19,0,Bajo (1-2)
20.0,Femenino,2,5,0,20.0,0,0.6,0,3.89,78.2,1,13,1,Bajo (1-2)
18.0,Femenino,4,5,0,12.9,1,6.0,0,3.76,78.1,0,19,0,Medio (3-4)
24.0,Femenino,2,4,1,9.8,0,26.7,1,3.45,63.4,1,15,1,Bajo (1-2)
17.0,Masculino,2,5,1,12.8,1,17.7,0,2.77,65.9,4,19,0,Bajo (1-2)
20.0,Femenino,2,7,1,9.1,0,7.1,0,3.39,86.2,2,18,0,Bajo (1-2)
23.0,Femenino,1,5,1,18.5,1,0.9,0,3.48,69.9,0,12,0,Bajo (1-2)
20.0,Femenino,3,2,0,12.2,0,8.3,0,2.8,89.4,1,20,0,Medio (3-4)
18.0,Femenino,1,6,0,20.2,0,0.9,0,3.6,86.3,1,14,0,Bajo (1-2)
18.0,Femenino,2,3,0,14.7,0,19.3,0,3.24,86.8,0,15,0,Bajo (1-2)
20.0,Femenino,6,2,0,17.0,0,15.9,0,4.08,81.3,1,19,0,Alto (5-6)
19.0,Femenino,5,9,1,12.3,1,15.7,0,2.9,70.6,1,20,1,Alto (5-6)
21.0,Masculino,2,4,1,17.0,0,0.1,0,3.09,73.5,1,20,1,Bajo (1-2)
17.0,Femenino,2,6,1,12.8,0,1.9,0,2.83,81.4,1,16,1,Bajo (1-2)
22.0,Femenino,3,2,1,4.9,1,16.0,0,3.77,53.7,0,15,1,Medio (3-4)
21.0,Masculino,4,4,1,7.7,0,6.8,0,2.62,87.4,4,20,0,Medio (3-4)
21.0,Masculino,4,4,0,13.7,0,8.8,0,3.86,73.0,1,14,0,Medio (3-4)
24.0,Femenino,2,2,0,9.4,1,3.6,0,2.51,77.1,1,18,0,Bajo (1-2)
20.0,Masculino,2,10,0,7.7,0,13.1,0,3.2,77.2,1,14,1,Bajo (1-2)
19.0,Masculino,3,4,1,0.5,0,7.4,0,2.75,74.6,1,14,0,Medio (3-4)
19.0,Masculino,5,6,0,4.7,0,9.8,0,3.43,64.9,0,17,0,Alto (5-6)
20.0,Masculino,5,6,0,25.9,0,4.8,1,4.31,83.5,1,20,0,Alto (5-6)
20.0,Masculino,1,5,0,10.1,0,2.8,1,3.09,87.9,2,14,0,Bajo (1-2)
19.0,Femenino,3,6,0,25.4,1,0.1,1,3.48,61.6,1,19,0,Medio (3-4)
17.0,Femenino,2,6,1,11.6,0,0.6,1,3.93,66.0,1,12,0,Bajo (1-2)
19.0,Masculino,4,1,0,13.7,1,1.5,1,2.9,91.0,2,18,0,Medio (3-4)
21.0,Masculino,5,7,0,5.0,0,0.4,0,1.69,85.1,2,15,0,Alto (5-6)
21.0,Femenino,3,2,0,14.0,0,13.7,0,2.3,81.0,2,12,0,Medio (3-4)
23.0,Femenino,1,5,1,21.5,0,11.6,1,2.76,72.2,3,17,1,Bajo (1-2)
25.0,Masculino,3,4,1,15.6,0,3.0,0,3.6,82.2,1,14,0,Medio (3-4)
22.0,Femenino,3,5,1,14.0,0,7.7,0,4.34,63.0,0,18,0,Medio (3-4)
24.0,Masculino,4,1,1,1.8,1,7.0,1,1.66,77.6,1,12,0,Medio (3-4)
22.0,Femenino,2,8,1,1.9,1,19.5,0,2.3,61.9,1,15,1,Bajo (1-2)
24.0,Masculino,5,5,1,9.6,1,1.1,0,3.08,73.4,1,14,0,Alto (5-6)
25.0,Masculino,2,1,1,16.8,0,27.8,0,4.13,64.7,0,15,1,Bajo (1-2)
23.0,Masculino,2,1,1,18.6,1,0.2,0,3.04,82.6,1,12,1,Bajo (1-2)
22.0,Masculino,2,6,0,15.2,0,11.8,0,3.58,82.3,0,14,1,Bajo (1-2)
20.0,Masculino,1,7,0,12.2,1,0.9,0,3.02,72.3,0,12,0,Bajo (1-2)
20.0,Masculino,2,6,1,20.5,1,13.5,0,4.82,85.9,1,18,0,Bajo (1-2)
20.0,Masculino,4,8,0,8.1,0,2.0,0,3.04,68.4,1,16,1,Medio (3-4)
22.0,Femenino,2,8,0,14.3,0,3.4,0,3.42,77.6,1,14,0,Bajo (1-2)
19.0,Masculino,1,9,1,13.8,1,21.3,0,3.26,68.9,0,18,1,Bajo (1-2)
20.0,Femenino,2,10,0,8.8,0,12.0,0,2.79,85.4,3,21,1,Bajo (1-2)
17.0,Masculino,1,9,0,10.2,1,9.0,0,3.53,84.4,0,17,0,Bajo (1-2)
24.0,Masculino,5,8,0,9.7,1,10.7,0,2.46,91.0,1,14,0,Alto (5-6)
20.0,Femenino,5,5,1,22.0,0,5.8,0,2.59,75.8,1,16,1,Alto (5-6)
22.0,Femenino,1,6,0,25.5,0,2.3,1,3.67,52.4,2,19,1,Bajo (1-2)
24.0,Femenino,4,7,0,14.7,0,24.7,0,3.67,73.7,0,12,0,Medio (3-4)
21.0,Masculino,4,2,1,9.2,1,20.8,0,2.72,90.7,0,15,1,Medio (3-4)
24.0,Femenino,6,7,1,6.6,0,16.3,0,2.99,71.8,0,16,1,Alto (5-6)
18.0,Femenino,2,6,1,9.6,0,5.5,0,2.42,55.8,0,18,1,Bajo (1-2)
26.0,Masculino,2,6,0,10.7,0,10.3,0,3.61,82.5,1,17,0,Bajo (1-2)
23.0,Masculino,3,9,1,8.4,1,1.1,1,3.3,84.2,0,18,0,Medio (3-4)
21.0,Femenino,5,7,0,16.5,1,3.8,0,3.35,70.7,0,21,1,Alto (5-6)
24.0,Femenino,4,10,0,11.6,0,2.7,1,3.2,79.5,1,13,0,Medio (3-4)
18.0,Masculino,3,10,0,12.9,1,8.8,0,2.48,69.5,1,16,1,Medio (3-4)
20.0,Masculino,2,9,0,12.9,1,0.5,1,2.51,87.2,0,15,0,Bajo (1-2)
24.0,Masculino,4,3,1,8.4,1,4.3,1,2.92,79.6,0,12,1,Medio (3-4)
17.0,Femenino,5,2,0,11.4,0,3.2,0,3.37,66.3,0,13,0,Alto (5-6)
22.0,Femenino,3,3,1,13.6,0,2.2,0,3.5,74.9,3,18,0,Medio (3-4)
22.0,Femenino,4,8,0,3.4,1,9.5,0,2.57,70.7,1,17,0,Medio (3-4)
25.0,Masculino,3,9,1,19.5,0,3.1,0,3.85,89.6,1,14,0,Medio (3-4)
17.0,Femenino,3,9,0,14.8,0,16.0,0,3.98,86.9,1,21,0,Medio (3-4)
24.0,Femenino,3,7,1,15.6,1,1.4,0,3.26,73.8,0,15,0,Medio (3-4)
19.0,Masculino,4,7,1,16.7,0,0.4,1,3.51,79.8,0,17,0,Medio (3-4)
20.0,Masculino,6,10,0,9.8,0,3.0,0,2.93,88.1,1,21,0,Alto (5-6)
18.0,Masculino,3,7,1,5.9,0,0.9,1,2.8,77.3,2,19,1,Medio (3-4)
18.0,Femenino,2,2,0,7.8,0,1.7,0,3.04,85.6,2,19,0,Bajo (1-2)
21.0,Femenino,3,6,1,7.8,0,23.5,0,3.8,89.8,1,14,0,Medio (3-4)
18.0,Femenino,2,4,1,15.6,0,1.3,1,3.76,74.1,0,21,1,Bajo (1-2)
22.0,Femenino,2,7,0,10.5,0,0.8,0,3.48,94.5,2,16,1,Bajo (1-2)
19.0,Masculino,1,7,1,13.4,1,4.3,1,2.98,92.6,2,15,0,Bajo (1-2)
18.0,Femenino,3,3,0,0.0,0,1.9,1,2.15,84.5,3,19,0,Medio (3-4)
19.0,Masculino,2,3,1,7.1,0,22.3,0,3.12,70.6,2,17,0,Bajo (1-2)
21.0,Masculino,2,1,1,16.9,1,21.2,0,3.98,77.4,0,13,1,Bajo (1-2)
20.0,Masculino,4,3,0,13.0,0,21.2,0,4.05,75.6,2,12,1,Medio (3-4)
21.0,Femenino,2,9,0,9.0,0,15.4,0,1.78,70.1,2,13,1,Bajo (1-2)
22.0,Femenino,3,7,0,10.1,0,3.4,1,4.28,87.3,2,13,0,Medio (3-4)
23.0,Femenino,5,10,0,0.0,0,3.7,1,2.81,71.8,2,14,1,Alto (5-6)
20.0,Femenino,3,10,0,7.9,0,9.0,0,3.41,74.6,1,15,0,Medio (3-4)
18.0,Femenino,2,9,0,20.3,0,1.6,0,2.65,74.7,3,14,1,Bajo (1-2)
21.0,Femenino,2,2,1,6.6,1,3.4,1,2.78,65.3,2,21,1,Bajo (1-2)
22.0,Masculino,3,4,0,11.2,1,2.0,0,3.52,84.6,0,21,0,Medio (3-4)
17.0,Femenino,3,1,1,0.0,1,7.8,0,2.01,72.7,1,21,0,Medio (3-4)
19.0,Masculino,2,1,0,4.2,1,11.5,1,1.35,95.0,2,13,0,Bajo (1-2)
19.0,Femenino,3,3,0,21.1,1,3.1,1,3.72,79.6,0,17,1,Medio (3-4)
20.0,Femenino,3,3,1,13.7,0,0.4,0,3.19,70.9,3,13,1,Medio (3-4)
19.0,Femenino,2,1,0,6.2,0,4.0,0,3.6,69.0,0,19,0,Bajo (1-2)
22.0,Femenino,3,9,0,10.2,0,4.2,0,2.98,78.4,0,13,0,Medio (3-4)
17.0,Femenino,1,6,0,13.8,0,48.3,0,3.18,78.4,1,14,0,Bajo (1-2)
17.0,Masculino,2,7,1,5.6,0,4.4,0,3.2,82.4,0,14,1,Bajo (1-2)
20.0,Femenino,4,7,1,0.0,0,1.5,0,3.12,75.7,3,16,0,Medio (3-4)
20.0,Femenino,2,10,0,13.0,1,2.6,1,2.83,100.0,1,15,0,Bajo (1-2)
17.0,Masculino,3,2,0,17.4,1,10.8,0,3.86,82.6,2,17,0,Medio (3-4)
19.0,Femenino,3,4,0,17.6,0,8.9,1,3.13,72.1,3,13,1,Medio (3-4)
20.0,Masculino,2,4,1,20.1,0,14.6,0,3.51,64.3,1,17,1,Bajo (1-2)
20.0,Femenino,5,6,1,2.8,0,4.2,0,3.06,80.3,0,12,0,Alto (5-6)
21.0,Masculino,2,6,1,5.2,0,15.2,0,3.26,64.8,2,12,1,Bajo (1-2)
19.0,Femenino,2,8,1,9.1,0,5.7,0,3.17,80.9,2,13,0,Bajo (1-2)
24.0,Femenino,5,6,0,13.5,0,18.1,1,2.67,91.0,2,14,0,Alto (5-6)
22.0,Masculino,4,3,0,12.7,0,22.8,0,2.24,87.2,2,19,1,Medio (3-4)
19.0,Masculino,4,6,0,10.0,1,39.9,0,2.96,69.3,0,15,1,Medio (3-4)
21.0,Femenino,1,10,1,0.0,0,2.5,1,3.09,88.2,0,17,0,Bajo (1-2)
21.0,Masculino,2,6,1,18.8,0,0.8,1,3.67,82.2,1,18,0,Bajo (1-2)
23.0,Femenino,3,6,1,11.4,0,1.4,0,3.24,68.9,1,19,1,Medio (3-4)
19.0,Femenino,2,2,0,5.1,0,46.7,0,2.83,76.4,3,17,1,Bajo (1-2)
22.0,Femenino,2,1,0,16.8,0,3.5,0,3.51,82.7,0,13,0,Bajo (1-2)
21.0,Masculino,4,3,0,11.3,1,0.9,0,2.61,71.3,4,18,1,Medio (3-4)
24.0,Femenino,2,1,0,11.5,0,3.6,1,3.51,85.0,1,15,0,Bajo (1-2)
23.0,Masculino,1,5,0,9.4,0,5.0,0,3.45,92.5,1,17,1,Bajo (1-2)
21.0,Femenino,1,9,0,17.2,1,56.8,0,3.2,87.6,3,21,1,Bajo (1-2)
20.0,Masculino,3,5,0,9.2,0,5.7,0,3.23,78.8,1,12,0,Medio (3-4)
22.0,Masculino,3,7,0,7.4,0,5.3,0,2.08,80.3,2,12,0,Medio (3-4)
20.0,Femenino,5,9,0,20.8,0,8.0,0,3.63,72.6,0,14,0,Alto (5-6)
24.0,Femenino,1,8,0,12.9,0,2.0,0,3.12,72.9,0,16,1,Bajo (1-2)
21.0,Femenino,2,7,0,13.1,1,3.6,1,3.82,66.6,3,16,0,Bajo (1-2)
20.0,Masculino,3,8,1,16.5,0,25.4,1,3.24,81.5,2,14,1,Medio (3-4)
19.0,Femenino,3,3,0,10.0,1,10.4,1,3.48,88.8,1,21,0,Medio (3-4)
18.0,Masculino,3,5,1,7.7,0,4.0,0,2.75,74.3,5,12,1,Medio (3-4)
22.0,Femenino,5,4,0,15.8,1,12.6,0,2.17,69.2,0,17,0,Alto (5-6)
19.0,Masculino,3,8,0,4.8,1,1.0,1,2.7,82.7,2,17,1,Medio (3-4)
23.0,Femenino,3,5,1,12.9,1,15.2,0,3.28,88.4,1,19,1,Medio (3-4)
18.0,Femenino,6,10,0,9.5,1,8.5,0,3.1,87.0,1,17,1,Alto (5-6)
21.0,Masculino,1,2,1,16.5,1,23.5,1,3.42,78.7,0,13,0,Bajo (1-2)
23.0,Femenino,5,2,0,17.3,0,0.3,1,3.12,100.0,1,15,1,Alto (5-6)
17.0,Masculino,3,8,1,13.3,0,5.5,1,3.04,100.0,5,13,0,Medio (3-4)
25.0,Femenino,3,8,0,4.4,0,5.5,0,2.23,73.2,0,16,0,Medio (3-4)
20.0,Femenino,5,7,0,13.4,0,38.0,0,2.2,75.5,1,21,1,Alto (5-6)
21.0,Masculino,3,4,0,6.9,0,22.8,0,2.86,84.9,0,15,0,Medio (3-4)
22.0,Masculino,3,1,0,13.8,1,11.0,0,2.85,68.9,0,15,0,Medio (3-4)
22.0,Masculino,2,4,1,0.0,1,5.6,0,3.14,83.5,1,16,0,Bajo (1-2)
21.0,Femenino,4,5,1,0.0,1,5.2,1,1.51,80.0,3,13,1,Medio (3-4)
23.0,Femenino,3,5,0,21.1,0,9.1,0,3.7,81.7,1,20,0,Medio (3-4)
22.0,Femenino,2,10,1,13.0,1,2.9,0,4.25,69.2,1,18,1,Bajo (1-2)
24.0,Masculino,4,9,0,11.9,1,6.9,1,3.04,74.1,1,19,1,Medio (3-4)
22.0,Femenino,3,8,1,2.5,1,11.6,1,2.71,59.1,2,15,0,Medio (3-4)
25.0,Femenino,3,1,0,7.5,1,7.5,0,3.15,92.8,1,14,0,Medio (3-4)
22.0,Femenino,1,2,1,11.5,0,7.3,0,3.37,84.4,1,16,0,Bajo (1-2)
17.0,Femenino,3,5,1,7.7,0,4.2,0,2.74,81.7,0,14,0,Medio (3-4)
26.0,Femenino,1,7,1,18.6,1,3.0,0,2.93,78.5,2,12,1,Bajo (1-2)
19.0,Femenino,1,7,1,9.0,1,3.1,0,3.33,52.0,3,19,1,Bajo (1-2)
24.0,Masculino,3,3,0,14.4,1,11.4,0,2.29,70.5,2,20,1,Medio (3-4)
21.0,Masculino,1,2,0,5.7,1,9.1,1,3.27,79.4,0,14,0,Bajo (1-2)
23.0,Femenino,2,4,0,11.8,1,2.5,1,2.94,71.2,0,18,0,Bajo (1-2)
19.0,Masculino,4,8,1,8.3,1,9.8,0,2.98,58.1,2,21,0,Medio (3-4)
22.0,Masculino,2,10,1,7.7,1,7.8,0,2.69,65.2,0,19,1,Bajo (1-2)
20.0,Femenino,6,10,0,11.1,1,0.1,0,3.81,78.5,0,20,0,Alto (5-6)
24.0,Femenino,5,6,0,16.0,0,3.5,1,3.44,82.5,1,20,1,Alto (5-6)
21.0,Femenino,3,1,1,17.1,0,5.2,1,3.21,88.1,1,14,0,Medio (3-4)
23.0,Femenino,6,10,0,14.9,0,4.0,1,3.09,100.0,2,12,1,Alto (5-6)
17.0,Masculino,5,2,1,15.6,0,28.6,0,3.23,81.9,3,20,1,Alto (5-6)
20.0,Masculino,2,3,1,9.8,1,3.7,0,4.24,73.2,1,19,0,Bajo (1-2)
21.0,Femenino,4,10,0,20.5,1,8.0,0,2.86,96.0,3,13,1,Medio (3-4)
21.0,Masculino,2,6,1,6.7,0,11.0,0,3.44,59.2,0,21,0,Bajo (1-2)
23.0,Femenino,4,2,0,12.8,0,19.0,0,3.46,57.2,2,12,1,Medio (3-4)
20.0,Masculino,3,6,0,12.8,0,5.7,0,3.95,69.1,0,15,0,Medio (3-4)
21.0,Masculino,1,1,1,17.3,1,0.5,0,3.69,83.1,1,21,0,Bajo (1-2)
23.0,Femenino,2,4,1,12.0,1,5.6,0,3.14,76.7,1,15,0,Bajo (1-2)
17.0,Femenino,6,10,0,14.8,0,16.1,1,3.77,70.7,2,19,0,Alto (5-6)
22.0,Masculino,2,3,1,14.9,0,0.6,1,3.39,71.7,0,12,1,Bajo (1-2)
20.0,Masculino,2,9,0,10.6,0,12.8,1,3.46,69.6,0,16,1,Bajo (1-2)
18.0,Femenino,2,6,1,14.1,0,6.1,0,3.95,62.6,1,19,1,Bajo (1-2)
21.0,Femenino,3,7,1,17.7,1,7.8,1,3.44,94.5,0,20,0,Medio (3-4)
23.0,Femenino,4,8,1,16.3,1,0.9,0,3.12,73.6,2,16,0,Medio (3-4)
23.0,Masculino,4,6,0,14.8,0,3.0,0,2.94,95.7,4,12,1,Medio (3-4)
